{"loss classification": 1.1027268171310425, "_timestamp": 1726560080.2624862, "_runtime": 6047.354243278503, "_step": 964}