{"loss classification": NaN, "_timestamp": 1726057679.7632303, "_runtime": 289.12234234809875, "_step": 48, "_wandb": {"runtime": 322}}