{"loss classification": NaN, "_timestamp": 1726062006.2127457, "_runtime": 75.67414855957031, "_step": 2, "_wandb": {"runtime": 75}}