{"loss classification": 1.7780588865280151, "_timestamp": 1719221127.1706653, "_runtime": 1738.1065862178802, "_step": 679, "loss_epoch_end": 1.63753080368042, "acc_epoch_end": 0.240966796875, "lr": 1.0000000000000004e-08, "loss val classification": 4.83944845199585, "loss_epoch_end_val": 4.403261661529541, "acc_epoch_end_val": 0.04638671875, "confussion matrix_table": {"_type": "table-file", "sha256": "803534cba962ec18f5d164f86b4909d56c5dd63c75f8c1f98587535a60f628c1", "size": 1503, "artifact_path": "wandb-client-artifact://2n7npj50rjuzyrrpv1y3wbna57xs5ido10yyscegivay38vwz7ho1c22kgho5job157bl12rmkxjjam626wphdr778sn62sl2l0q52iatmdm7e522tncyxpm6foustl3:latest/confussion matrix_table.table.json", "_latest_artifact_path": "wandb-client-artifact://2n7npj50rjuzyrrpv1y3wbna57xs5ido10yyscegivay38vwz7ho1c22kgho5job157bl12rmkxjjam626wphdr778sn62sl2l0q52iatmdm7e522tncyxpm6foustl3:latest/confussion matrix_table.table.json", "path": "media/table/confussion matrix_table_678_803534cba962ec18f5d1.table.json", "ncols": 3, "nrows": 49}, "hist_errors_count": {"_type": "histogram", "values": [200, 183, 317, 0, 146, 144, 74, 0, 85, 76, 107, 0, 118, 124, 137, 0, 160, 149, 0, 165, 146, 163, 0, 146, 141, 117, 0, 119, 108, 114, 0, 88, 96, 0, 76, 56, 52, 0, 39, 47, 36, 0, 35, 25, 22, 0, 13, 12, 0, 8, 11, 4, 0, 11, 13, 7, 0, 4, 3, 4, 0, 2, 1, 2], "bins": [1.0, 1.734375, 2.46875, 3.203125, 3.9375, 4.671875, 5.40625, 6.140625, 6.875, 7.609375, 8.34375, 9.078125, 9.8125, 10.546875, 11.28125, 12.015625, 12.75, 13.484375, 14.21875, 14.953125, 15.6875, 16.421875, 17.15625, 17.890625, 18.625, 19.359375, 20.09375, 20.828125, 21.5625, 22.296875, 23.03125, 23.765625, 24.5, 25.234375, 25.96875, 26.703125, 27.4375, 28.171875, 28.90625, 29.640625, 30.375, 31.109375, 31.84375, 32.578125, 33.3125, 34.046875, 34.78125, 35.515625, 36.25, 36.984375, 37.71875, 38.453125, 39.1875, 39.921875, 40.65625, 41.390625, 42.125, 42.859375, 43.59375, 44.328125, 45.0625, 45.796875, 46.53125, 47.265625, 48.0]}, "_wandb": {"runtime": 1737}}