{"loss classification": 0.8322914242744446, "_timestamp": 1727678972.6397133, "_runtime": 59290.92871427536, "_step": 14036, "loss_epoch_end": 0.8409076625254096, "acc_epoch_end": 0.6441481675558943, "lr": 0.0001, "loss val classification": 0.914086103439331, "loss_epoch_end_val": 0.9042550263265057, "acc_epoch_end_val": 0.6217633474144951, "confussion matrix_table": {"_type": "table-file", "sha256": "7230e9b233b175021398b81f6d61e0bd3f6a60e30cb53c6b1587bbc19aaf031c", "size": 1536, "artifact_path": "wandb-client-artifact://ud6nvgtugtrx3y5acr3xzi7hnn69mg064fmp2depzztg1d100jeaqevh3xbw6rcdjp7nclzakko45cbjazb3hgm0zywy786duote8gzxjq1xcvmoy8tyt1eux6kb596c:latest/confussion matrix_table.table.json", "_latest_artifact_path": "wandb-client-artifact://ud6nvgtugtrx3y5acr3xzi7hnn69mg064fmp2depzztg1d100jeaqevh3xbw6rcdjp7nclzakko45cbjazb3hgm0zywy786duote8gzxjq1xcvmoy8tyt1eux6kb596c:latest/confussion matrix_table.table.json", "path": "media/table/confussion matrix_table_12501_7230e9b233b175021398.table.json", "ncols": 3, "nrows": 49}, "te/b_vs_g_10%": 0.9484098939929329, "te/b_vs_g_1%": 0.7936395759717314, "te/b_vs_ud_10%": 0.984452296819788, "te/b_vs_ud_1%": 0.9385159010600707, "te/b_vs_c_10%": 0.9180212014134276, "te/b_vs_c_1%": 0.8240282685512368, "roc b_table": {"_type": "table-file", "sha256": "974c02d52edc8a042b8a10cc6b030018b2759e95e6bf09a599f10321912d1aaf", "size": 45811, "artifact_path": "wandb-client-artifact://e5lcuz9ugicuwmtrlbfu948lp8banzferk0vltfmf7d75i84odepf5q8761ojelr5cbkhfsjd65kt2z9csmu6wlm027xq253h9n5u2veqsdqcq7jtuebz5vylvfid7fy:latest/roc b_table.table.json", "_latest_artifact_path": "wandb-client-artifact://e5lcuz9ugicuwmtrlbfu948lp8banzferk0vltfmf7d75i84odepf5q8761ojelr5cbkhfsjd65kt2z9csmu6wlm027xq253h9n5u2veqsdqcq7jtuebz5vylvfid7fy:latest/roc b_table.table.json", "path": "media/table/roc b_table_12505_974c02d52edc8a042b8a.table.json", "ncols": 3, "nrows": 933}, "auc/b_g": 0.027853586012362208, "auc/b_ud": 0.005327724337240158, "auc/b_d": 1.011759170888027e-06, "auc/b_c": 0.030156967380591926, "te/c_vs_g_10%": 0.854421768707483, "te/c_vs_g_1%": 0.5027210884353741, "te/c_vs_ud_10%": 0.8612244897959184, "te/c_vs_ud_1%": 0.6707482993197279, "te/c_vs_b_10%": 0.9659863945578231, "te/c_vs_b_1%": 0.49183673469387756, "roc c_table": {"_type": "table-file", "sha256": "b05727b943dcdc2d29ba1d5cdb581d235d65abb10cfb99a108503c587ba29d41", "size": 81184, "artifact_path": "wandb-client-artifact://u049nxo91orwbvtv9kr19a2xxsfp6p1yiv6vk1f7dtv9tgm3fxd84b9zec1te4u84ej4pqowt8644rxtmdar3ynvta7zblq27hbp7kxus2k8v5teo6pmwy1wh7b76if8:latest/roc c_table.table.json", "_latest_artifact_path": "wandb-client-artifact://u049nxo91orwbvtv9kr19a2xxsfp6p1yiv6vk1f7dtv9tgm3fxd84b9zec1te4u84ej4pqowt8644rxtmdar3ynvta7zblq27hbp7kxus2k8v5teo6pmwy1wh7b76if8:latest/roc c_table.table.json", "path": "media/table/roc c_table_12513_b05727b943dcdc2d29ba.table.json", "ncols": 3, "nrows": 1583}, "auc/c_g": 0.06828206787037583, "auc/c_ud": 0.058542328306060654, "auc/c_d": 1.011759170888027e-06, "auc/c_b": 0.030156967380591926, "te/s_vs_g_10%": 0.6842105263157895, "te/s_vs_g_1%": 0.17382271468144045, "te/s_vs_ud_10%": 0.2839335180055402, "te/s_vs_ud_1%": 0.05955678670360111, "te/s_vs_c_10%": 0.7804709141274239, "te/s_vs_c_1%": 0.21537396121883656, "te/s_vs_b_10%": 0.9951523545706371, "te/s_vs_b_1%": 0.8268698060941828, "roc s_table": {"_type": "table-file", "sha256": "777c48bea89990810141caa3cee5bd5b88066e58bc129263ea05026024fa6efd", "size": 155792, "artifact_path": "wandb-client-artifact://tvfp3prj62kay2wuvyz028tpxhzrqja9efb2wyr4io79ashs6cc2fqp0jlquw2kv7zp2f3sw9v0as3cvv5a0de4tfsoqlp693s12ybnw27hi82np7ncs6xctyzaihzrw:latest/roc s_table.table.json", "_latest_artifact_path": "wandb-client-artifact://tvfp3prj62kay2wuvyz028tpxhzrqja9efb2wyr4io79ashs6cc2fqp0jlquw2kv7zp2f3sw9v0as3cvv5a0de4tfsoqlp693s12ybnw27hi82np7ncs6xctyzaihzrw:latest/roc s_table.table.json", "path": "media/table/roc s_table_12522_777c48bea89990810141.table.json", "ncols": 3, "nrows": 2967}, "auc/s_g": 0.1198455099906599, "auc/s_ud": 0.32870646011215643, "auc/s_d": 1.011759170888027e-06, "auc/s_c": 0.06361674863851352, "auc/s_b": 0.007265839883323744, "te/g_vs_ud_10%": 0.6051873198847262, "te/g_vs_ud_1%": 0.17002881844380405, "te/g_vs_s_10%": 0.6253602305475504, "te/g_vs_s_1%": 0.2010086455331412, "te/g_vs_c_10%": 0.8076368876080692, "te/g_vs_c_1%": 0.16930835734870317, "te/g_vs_b_10%": 0.9747838616714697, "te/g_vs_b_1%": 0.40706051873198845, "roc g_table": {"_type": "table-file", "sha256": "8642640d56af1de632a1bc1e405238d95260da62a8a37b333727c54e074bb575", "size": 135576, "artifact_path": "wandb-client-artifact://3i21989wji3t2zi7ezkql0y1e65jeye6w7i4tjs94gt26y8kf8pj5park4zu6vvrxgufhqghrxxke5t1eb6sr1oay3bdlspiith85dmheh8oq6ixrok82yauarg4i7vw:latest/roc g_table.table.json", "_latest_artifact_path": "wandb-client-artifact://3i21989wji3t2zi7ezkql0y1e65jeye6w7i4tjs94gt26y8kf8pj5park4zu6vvrxgufhqghrxxke5t1eb6sr1oay3bdlspiith85dmheh8oq6ixrok82yauarg4i7vw:latest/roc g_table.table.json", "path": "media/table/roc g_table_12532_8642640d56af1de632a1.table.json", "ncols": 3, "nrows": 2601}, "auc/g_ud": 0.12856334125019342, "auc/g_s": 0.11984550999066002, "auc/g_c": 0.06828206787037572, "auc/g_d": 1.011759170888027e-06, "auc/g_b": 0.02785358601236243, "te/tau_vs_ud_10%": 0.17962835512732278, "te/tau_vs_ud_1%": 0.02752924982794219, "te/tau_vs_s_10%": 0.21335168616655195, "te/tau_vs_s_1%": 0.04679972470750172, "te/tau_vs_c_10%": 0.7962835512732278, "te/tau_vs_c_1%": 0.27253957329662765, "te/tau_vs_b_10%": 0.9924294562973159, "te/tau_vs_b_1%": 0.8121128699242945, "te/tau_vs_g_10%": 0.6758430832759807, "te/tau_vs_g_1%": 0.12112869924294563, "roc tau_table": {"_type": "table-file", "sha256": "536f6fe55b906640c4c0104299d4e1cc77367b164972f35aa004b62c78e4a847", "size": 238958, "artifact_path": "wandb-client-artifact://xv8c2jj5wj6sngff8khv92t574pz16pihyiua1ifr5psra4grhlz4parux8bkon1y5urkqgjqt4gxs0d5ehuq4i2yvh8qf19qv3drza0dvgexg34ug3tmc6u2ztzejj4:latest/roc tau_table.table.json", "_latest_artifact_path": "wandb-client-artifact://xv8c2jj5wj6sngff8khv92t574pz16pihyiua1ifr5psra4grhlz4parux8bkon1y5urkqgjqt4gxs0d5ehuq4i2yvh8qf19qv3drza0dvgexg34ug3tmc6u2ztzejj4:latest/roc tau_table.table.json", "path": "media/table/roc tau_table_12544_536f6fe55b906640c4c0.table.json", "ncols": 3, "nrows": 4351}, "auc/tau_ud": 0.4396023051184137, "auc/tau_d": 1.011759170888027e-06, "auc/tau_s": 0.34876571159488545, "auc/tau_c": 0.059193037159805395, "auc/tau_b": 0.006280657297318415, "auc/tau_g": 0.12968646802501427, "hist_errors_count": {"_type": "histogram", "values": [2, 1, 5, 9, 13, 19, 43, 50, 40, 81, 95, 135, 137, 141, 170, 158, 191, 193, 211, 184, 207, 174, 190, 153, 152, 132, 127, 114, 103, 72, 85, 69, 61, 49, 50, 30, 35, 17, 26, 15, 13, 15, 3, 8, 0, 5, 6, 2, 9, 3, 1, 0, 1, 2, 0, 0, 1, 0, 0, 0, 0, 0, 0, 1], "bins": [1.0, 1.984375, 2.96875, 3.953125, 4.9375, 5.921875, 6.90625, 7.890625, 8.875, 9.859375, 10.84375, 11.828125, 12.8125, 13.796875, 14.78125, 15.765625, 16.75, 17.734375, 18.71875, 19.703125, 20.6875, 21.671875, 22.65625, 23.640625, 24.625, 25.609375, 26.59375, 27.578125, 28.5625, 29.546875, 30.53125, 31.515625, 32.5, 33.484375, 34.46875, 35.453125, 36.4375, 37.421875, 38.40625, 39.390625, 40.375, 41.359375, 42.34375, 43.328125, 44.3125, 45.296875, 46.28125, 47.265625, 48.25, 49.234375, 50.21875, 51.203125, 52.1875, 53.171875, 54.15625, 55.140625, 56.125, 57.109375, 58.09375, 59.078125, 60.0625, 61.046875, 62.03125, 63.015625, 64.0]}}