{"loss classification": NaN, "_timestamp": 1726553672.6410334, "_runtime": 735.2379734516144, "_step": 120, "_wandb": {"runtime": 868}}