{"loss classification": 0.9497579336166382, "_timestamp": 1724424648.2432182, "_runtime": 93276.10138726234, "_step": 19182, "loss_epoch_end": 0.9732737918824249, "acc_epoch_end": 0.5961595963965798, "lr": 0.0001, "loss val classification": 0.9726283550262451, "loss_epoch_end_val": 1.0133346767207376, "acc_epoch_end_val": 0.5801515267565359, "confussion matrix_table": {"_type": "table-file", "sha256": "39df02910ffd7138b3d2859e54648305ded62f8b18c2ce3192e87d5a2b01ff12", "size": 1541, "artifact_path": "wandb-client-artifact://6fpirzdbb7w6o4j25piti0jxoba6yacs33kumj20la78b285frp7rrjh264ulks4djz9ozlvu0faych1p5fk8aqywrdf02euf42pjo5h8x4cklmz8t0prsdnved815rh:latest/confussion matrix_table.table.json", "_latest_artifact_path": "wandb-client-artifact://6fpirzdbb7w6o4j25piti0jxoba6yacs33kumj20la78b285frp7rrjh264ulks4djz9ozlvu0faych1p5fk8aqywrdf02euf42pjo5h8x4cklmz8t0prsdnved815rh:latest/confussion matrix_table.table.json", "path": "media/table/confussion matrix_table_18605_39df02910ffd7138b3d2.table.json", "ncols": 3, "nrows": 49}, "te/b_vs_g_10%": 0.8959212376933896, "te/b_vs_g_1%": 0.5260196905766527, "te/b_vs_ud_10%": 0.9556962025316456, "te/b_vs_ud_1%": 0.8776371308016878, "te/b_vs_c_10%": 0.8551336146272855, "te/b_vs_c_1%": 0.6744022503516175, "roc b_table": {"_type": "table-file", "sha256": "5bfb91075315fdfde965a4267b5ea5d0dc2050ca33f43e150565a684e3bd4e2b", "size": 71968, "artifact_path": "wandb-client-artifact://5bruu16gzyf31bop7bwmimlhuupfrlp760nmti851l4ow8vft1epd9fy5ggloipgdevctpvo8ghler0liak2yuaydaxb1t4020ql8c9ebnrau3ogf2frigcdnswxnpza:latest/roc b_table.table.json", "_latest_artifact_path": "wandb-client-artifact://5bruu16gzyf31bop7bwmimlhuupfrlp760nmti851l4ow8vft1epd9fy5ggloipgdevctpvo8ghler0liak2yuaydaxb1t4020ql8c9ebnrau3ogf2frigcdnswxnpza:latest/roc b_table.table.json", "path": "media/table/roc b_table_18609_5bfb91075315fdfde965.table.json", "ncols": 3, "nrows": 1426}, "auc/b_g": 0.053725069260975755, "auc/b_ud": 0.01578130185369564, "auc/b_d": 6.509607589011424e-05, "auc/b_c": 0.056253841562814544, "te/c_vs_g_10%": 0.7804363124560169, "te/c_vs_g_1%": 0.47712878254750174, "te/c_vs_ud_10%": 0.8022519352568613, "te/c_vs_ud_1%": 0.58972554539057, "te/c_vs_b_10%": 0.796622097114708, "te/c_vs_b_1%": 0.29345531315974666, "roc c_table": {"_type": "table-file", "sha256": "66966b711201be4d5336248264b9d86dc7b355ab35adf611b626e1a5257efc7b", "size": 107349, "artifact_path": "wandb-client-artifact://7n27lqw9pn14jm5acvbp4hder2z8e51gphzc8agqecfz5qksppf9x18a6rm1xo7kjurxtlwzsec734uirvtipxv19wmm38ityt7nlwnjplv580xuq5ps6mwlpn42n8wd:latest/roc c_table.table.json", "_latest_artifact_path": "wandb-client-artifact://7n27lqw9pn14jm5acvbp4hder2z8e51gphzc8agqecfz5qksppf9x18a6rm1xo7kjurxtlwzsec734uirvtipxv19wmm38ityt7nlwnjplv580xuq5ps6mwlpn42n8wd:latest/roc c_table.table.json", "path": "media/table/roc c_table_18617_66966b711201be4d5336.table.json", "ncols": 3, "nrows": 2084}, "auc/c_g": 0.09917965780830962, "auc/c_ud": 0.0719749009638726, "auc/c_d": 6.509607589011424e-05, "auc/c_b": 0.056253841562814544, "te/s_vs_g_10%": 0.5489923558026407, "te/s_vs_g_1%": 0.11535788742182071, "te/s_vs_ud_10%": 0.24113968033356498, "te/s_vs_ud_1%": 0.03961084086170952, "te/s_vs_c_10%": 0.6900625434329395, "te/s_vs_c_1%": 0.13829047949965254, "te/s_vs_b_10%": 0.9847116052814454, "te/s_vs_b_1%": 0.38846421125781794, "roc s_table": {"_type": "table-file", "sha256": "f81234fff98d236ba04c82512303d47523214a36467716e1d918e67fdf6768b5", "size": 181130, "artifact_path": "wandb-client-artifact://wqbkgxbc00rbakcy78cduaxpegfpqjzaxttk8779rml2mke3nct1kno300gmt4o8hk4xuxgyba8yf0efo7e3z0ejdseo3f6vp4lexlei4eit2kgpoli49tb7ma64aw49:latest/roc s_table.table.json", "_latest_artifact_path": "wandb-client-artifact://wqbkgxbc00rbakcy78cduaxpegfpqjzaxttk8779rml2mke3nct1kno300gmt4o8hk4xuxgyba8yf0efo7e3z0ejdseo3f6vp4lexlei4eit2kgpoli49tb7ma64aw49:latest/roc s_table.table.json", "path": "media/table/roc s_table_18626_f81234fff98d236ba04c.table.json", "ncols": 3, "nrows": 3450}, "auc/s_g": 0.1851514164449135, "auc/s_ud": 0.35516822699908646, "auc/s_d": 6.509607589011424e-05, "auc/s_c": 0.08547700309905182, "auc/s_b": 0.020994908755396446, "te/g_vs_ud_10%": 0.47575544624033733, "te/g_vs_ud_1%": 0.11314125087842586, "te/g_vs_s_10%": 0.46591707659873505, "te/g_vs_s_1%": 0.08151791988756149, "te/g_vs_c_10%": 0.6416022487702038, "te/g_vs_c_1%": 0.1763879128601546, "te/g_vs_b_10%": 0.8826423049894588, "te/g_vs_b_1%": 0.21152494729444835, "roc g_table": {"_type": "table-file", "sha256": "952f154807247cab41130da14e0e2161764bef3cd5a277a0253ca9a2f1bad74b", "size": 172260, "artifact_path": "wandb-client-artifact://kaf2knadh3umwnqx4x7qg7uxkxh347p7jgzwkr44muh38m3z1shlmc6xtspac72sqitqy3e54z9y2p59zb3egl08tm4t2hbd8mdabg58vpulmr305q1ech0tzulk3r66:latest/roc g_table.table.json", "_latest_artifact_path": "wandb-client-artifact://kaf2knadh3umwnqx4x7qg7uxkxh347p7jgzwkr44muh38m3z1shlmc6xtspac72sqitqy3e54z9y2p59zb3egl08tm4t2hbd8mdabg58vpulmr305q1ech0tzulk3r66:latest/roc g_table.table.json", "path": "media/table/roc g_table_18636_952f154807247cab4113.table.json", "ncols": 3, "nrows": 3295}, "auc/g_ud": 0.17939084621033252, "auc/g_s": 0.1851514164449134, "auc/g_c": 0.09917941053853874, "auc/g_d": 6.509607589011424e-05, "auc/g_b": 0.053724822165093666, "te/tau_vs_ud_10%": 0.15501730103806227, "te/tau_vs_ud_1%": 0.017993079584775088, "te/tau_vs_s_10%": 0.23044982698961938, "te/tau_vs_s_1%": 0.04013840830449827, "te/tau_vs_c_10%": 0.7487889273356402, "te/tau_vs_c_1%": 0.22214532871972317, "te/tau_vs_b_10%": 0.9792387543252595, "te/tau_vs_b_1%": 0.6567474048442906, "te/tau_vs_g_10%": 0.5031141868512111, "te/tau_vs_g_1%": 0.1245674740484429, "roc tau_table": {"_type": "table-file", "sha256": "da4bce5b2fcb31aba4c6fbf6c5fbdef1df3001ab9954224998eb673002670513", "size": 267698, "artifact_path": "wandb-client-artifact://nvpeicy22vlq5n72kzi7d1jxvstyhncx7sphz3ssdzmqg7xfgnf6gw4v6qhttu1te0pxjb5yuu3oslrem9278aco33czw7ec0regg0c2r6g9rjuz09ct7w0btdopw0yh:latest/roc tau_table.table.json", "_latest_artifact_path": "wandb-client-artifact://nvpeicy22vlq5n72kzi7d1jxvstyhncx7sphz3ssdzmqg7xfgnf6gw4v6qhttu1te0pxjb5yuu3oslrem9278aco33czw7ec0regg0c2r6g9rjuz09ct7w0btdopw0yh:latest/roc tau_table.table.json", "path": "media/table/roc tau_table_18648_da4bce5b2fcb31aba4c6.table.json", "ncols": 3, "nrows": 4881}, "auc/tau_ud": 0.4500826173165896, "auc/tau_d": 6.509607589011424e-05, "auc/tau_s": 0.3729392047053053, "auc/tau_c": 0.07249877638682245, "auc/tau_b": 0.016634303262133887, "auc/tau_g": 0.1879014314998042, "hist_errors_count": {"_type": "histogram", "values": [5, 9, 15, 27, 30, 52, 0, 49, 92, 99, 115, 115, 0, 178, 181, 204, 225, 201, 227, 0, 215, 233, 207, 176, 171, 0, 158, 171, 150, 148, 99, 0, 104, 88, 69, 76, 57, 42, 0, 35, 37, 27, 30, 24, 0, 16, 19, 9, 11, 3, 5, 0, 8, 3, 3, 2, 1, 0, 2, 2, 1, 2, 0, 1], "bins": [1.0, 1.84375, 2.6875, 3.53125, 4.375, 5.21875, 6.0625, 6.90625, 7.75, 8.59375, 9.4375, 10.28125, 11.125, 11.96875, 12.8125, 13.65625, 14.5, 15.34375, 16.1875, 17.03125, 17.875, 18.71875, 19.5625, 20.40625, 21.25, 22.09375, 22.9375, 23.78125, 24.625, 25.46875, 26.3125, 27.15625, 28.0, 28.84375, 29.6875, 30.53125, 31.375, 32.21875, 33.0625, 33.90625, 34.75, 35.59375, 36.4375, 37.28125, 38.125, 38.96875, 39.8125, 40.65625, 41.5, 42.34375, 43.1875, 44.03125, 44.875, 45.71875, 46.5625, 47.40625, 48.25, 49.09375, 49.9375, 50.78125, 51.625, 52.46875, 53.3125, 54.15625, 55.0]}}