{"loss classification": 0.9170547723770142, "_timestamp": 1724491169.9263482, "_runtime": 159797.7845172882, "_step": 32232, "loss_epoch_end": 0.9680953597595326, "acc_epoch_end": 0.598470582247557, "lr": 0.0001, "loss val classification": 1.0164921283721924, "loss_epoch_end_val": 1.0176978006082422, "acc_epoch_end_val": 0.5798036662581699, "confussion matrix_table": {"_type": "table-file", "sha256": "b98573ab5572f3fb4787ec194da3dcce0d56b039b260e3964ea7ed7ee61440cd", "size": 1539, "artifact_path": "wandb-client-artifact://36x7foivavnxajpgjufkc672g1bt7lz9q8mkruhjrhcxzy4gtcf8c97fw29196w1z8wgav0fd76ado5fsdm2oj1zmy7z5mhcqoop2ew8viqu70qc338dzmxqkyu64eka:latest/confussion matrix_table.table.json", "_latest_artifact_path": "wandb-client-artifact://36x7foivavnxajpgjufkc672g1bt7lz9q8mkruhjrhcxzy4gtcf8c97fw29196w1z8wgav0fd76ado5fsdm2oj1zmy7z5mhcqoop2ew8viqu70qc338dzmxqkyu64eka:latest/confussion matrix_table.table.json", "path": "media/table/confussion matrix_table_31583_b98573ab5572f3fb4787.table.json", "ncols": 3, "nrows": 49}, "te/b_vs_g_10%": 0.9008620689655172, "te/b_vs_g_1%": 0.5316091954022989, "te/b_vs_ud_10%": 0.9554597701149425, "te/b_vs_ud_1%": 0.8958333333333334, "te/b_vs_c_10%": 0.8484195402298851, "te/b_vs_c_1%": 0.6853448275862069, "roc b_table": {"_type": "table-file", "sha256": "6c32b7ccb8afedd2c0492463049d8a98411adf17b583c6fae1531868e27599c3", "size": 71095, "artifact_path": "wandb-client-artifact://yp7bg76h8rlbrp0igvdw86qmz1ttbmkxcp222p6eh3t4dzn0cxh9vuqjl4szf1iowicypyo2usj6is5r8esbflcuq7ylhso7o4j298mp319nzxm3d63lsjyvvrarb18g:latest/roc b_table.table.json", "_latest_artifact_path": "wandb-client-artifact://yp7bg76h8rlbrp0igvdw86qmz1ttbmkxcp222p6eh3t4dzn0cxh9vuqjl4szf1iowicypyo2usj6is5r8esbflcuq7ylhso7o4j298mp319nzxm3d63lsjyvvrarb18g:latest/roc b_table.table.json", "path": "media/table/roc b_table_31587_6c32b7ccb8afedd2c049.table.json", "ncols": 3, "nrows": 1407}, "auc/b_g": 0.053644334568925034, "auc/b_ud": 0.015662881016829444, "auc/b_d": 0.0002442528735631111, "auc/b_c": 0.05782895265653887, "te/c_vs_g_10%": 0.76993006993007, "te/c_vs_g_1%": 0.45244755244755247, "te/c_vs_ud_10%": 0.7972027972027972, "te/c_vs_ud_1%": 0.5671328671328671, "te/c_vs_b_10%": 0.7615384615384615, "te/c_vs_b_1%": 0.37202797202797205, "roc c_table": {"_type": "table-file", "sha256": "34b90849fe0c63076434a3be20ea8824afd238eec3dac11748a3ad5f9f0ac55c", "size": 109164, "artifact_path": "wandb-client-artifact://zorkgypxdawqhxkrvzq6azz4e29qvazjzvdphzubw2b0te6axu65pjd3sux0vzj6174038a18ycy34feciodix5shnlqgvzzngo49fbtpmb9w78067dat4941gi0bs8s:latest/roc c_table.table.json", "_latest_artifact_path": "wandb-client-artifact://zorkgypxdawqhxkrvzq6azz4e29qvazjzvdphzubw2b0te6axu65pjd3sux0vzj6174038a18ycy34feciodix5shnlqgvzzngo49fbtpmb9w78067dat4941gi0bs8s:latest/roc c_table.table.json", "path": "media/table/roc c_table_31595_34b90849fe0c63076434.table.json", "ncols": 3, "nrows": 2117}, "auc/c_g": 0.10305659686847801, "auc/c_ud": 0.07659944151411724, "auc/c_d": 0.0002442528735631111, "auc/c_b": 0.057828952656538646, "te/s_vs_g_10%": 0.5426409903713892, "te/s_vs_g_1%": 0.10453920220082531, "te/s_vs_ud_10%": 0.2407152682255846, "te/s_vs_ud_1%": 0.03576341127922971, "te/s_vs_c_10%": 0.6774415405777167, "te/s_vs_c_1%": 0.1437414030261348, "te/s_vs_b_10%": 0.9883081155433288, "te/s_vs_b_1%": 0.48005502063273725, "roc s_table": {"_type": "table-file", "sha256": "106ed220682454cc444b6897372f0b2a6a8d816c4f1e56f83e8b5a0491c3d649", "size": 185168, "artifact_path": "wandb-client-artifact://t8mil9sglps9b1rng89e44pxvmkgu9sw29gcrywo4dfefjmfnp06q0964v230cpiqyjsgod5aekkk3wqdn48usvm85vyggvh3yxbzylyw7fvda4ca0is16gs99acqdoa:latest/roc s_table.table.json", "_latest_artifact_path": "wandb-client-artifact://t8mil9sglps9b1rng89e44pxvmkgu9sw29gcrywo4dfefjmfnp06q0964v230cpiqyjsgod5aekkk3wqdn48usvm85vyggvh3yxbzylyw7fvda4ca0is16gs99acqdoa:latest/roc s_table.table.json", "path": "media/table/roc s_table_31604_106ed220682454cc444b.table.json", "ncols": 3, "nrows": 3517}, "auc/s_g": 0.1831610209557013, "auc/s_ud": 0.3627209392942148, "auc/s_d": 0.0002442528735631111, "auc/s_c": 0.08614336145285262, "auc/s_b": 0.0173535352337586, "te/g_vs_ud_10%": 0.4292786421499293, "te/g_vs_ud_1%": 0.0685997171145686, "te/g_vs_s_10%": 0.4766619519094767, "te/g_vs_s_1%": 0.09476661951909476, "te/g_vs_c_10%": 0.652050919377652, "te/g_vs_c_1%": 0.128005657708628, "te/g_vs_b_10%": 0.9094766619519095, "te/g_vs_b_1%": 0.2828854314002829, "roc g_table": {"_type": "table-file", "sha256": "78439a745e207849c2a521fd211e26d81a6cb39a49a4a7910e391be268dfce15", "size": 175241, "artifact_path": "wandb-client-artifact://6o4hwszb0f65whu6eh2gsqlyd85byx31etu2961t7yx552y5ue8ntzl46wmcj3lo5inhpl2010qpigstdakp37fgfavu321i8rvj465r5fmup3xgri1o7gp868ztqx4i:latest/roc g_table.table.json", "_latest_artifact_path": "wandb-client-artifact://6o4hwszb0f65whu6eh2gsqlyd85byx31etu2961t7yx552y5ue8ntzl46wmcj3lo5inhpl2010qpigstdakp37fgfavu321i8rvj465r5fmup3xgri1o7gp868ztqx4i:latest/roc g_table.table.json", "path": "media/table/roc g_table_31614_78439a745e207849c2a5.table.json", "ncols": 3, "nrows": 3350}, "auc/g_ud": 0.17982775849501098, "auc/g_s": 0.1831615073474333, "auc/g_c": 0.10305659686847801, "auc/g_d": 0.0002442528735631111, "auc/g_b": 0.05364408054105896, "te/tau_vs_ud_10%": 0.15709342560553632, "te/tau_vs_ud_1%": 0.020761245674740483, "te/tau_vs_s_10%": 0.1944636678200692, "te/tau_vs_s_1%": 0.04013840830449827, "te/tau_vs_c_10%": 0.7439446366782007, "te/tau_vs_c_1%": 0.2685121107266436, "te/tau_vs_b_10%": 0.9847750865051903, "te/tau_vs_b_1%": 0.6622837370242215, "te/tau_vs_g_10%": 0.556401384083045, "te/tau_vs_g_1%": 0.14048442906574393, "roc tau_table": {"_type": "table-file", "sha256": "7c62f9a118d80bd5aaee8123f2565d7c28f71e6222076273ac4f0dc4b1020240", "size": 268578, "artifact_path": "wandb-client-artifact://j08tu0kx33ynn0vepwkqqwwn2cq6xoywyp2mp5jf8bhanqk4eqoqtf05y3y237fboyt2h7ox39vdr33th71b4019bzsnemysx9368qqk9f2ql2z545wmowsdxajbdpzs:latest/roc tau_table.table.json", "_latest_artifact_path": "wandb-client-artifact://j08tu0kx33ynn0vepwkqqwwn2cq6xoywyp2mp5jf8bhanqk4eqoqtf05y3y237fboyt2h7ox39vdr33th71b4019bzsnemysx9368qqk9f2ql2z545wmowsdxajbdpzs:latest/roc tau_table.table.json", "path": "media/table/roc tau_table_31626_7c62f9a118d80bd5aaee.table.json", "ncols": 3, "nrows": 4893}, "auc/tau_ud": 0.4558165735677929, "auc/tau_d": 0.0002442528735631111, "auc/tau_s": 0.3787763620700323, "auc/tau_c": 0.07142110484671038, "auc/tau_b": 0.014640257725808348, "auc/tau_g": 0.18154735394448984, "hist_errors_count": {"_type": "histogram", "values": [1, 6, 10, 26, 36, 48, 49, 82, 95, 127, 139, 174, 201, 198, 199, 176, 214, 222, 240, 205, 180, 0, 170, 181, 156, 163, 148, 112, 98, 86, 75, 71, 64, 46, 45, 38, 29, 33, 21, 18, 21, 11, 0, 12, 7, 7, 8, 4, 3, 3, 3, 5, 1, 0, 1, 1, 2, 1, 0, 0, 0, 0, 0, 1], "bins": [1.0, 1.953125, 2.90625, 3.859375, 4.8125, 5.765625, 6.71875, 7.671875, 8.625, 9.578125, 10.53125, 11.484375, 12.4375, 13.390625, 14.34375, 15.296875, 16.25, 17.203125, 18.15625, 19.109375, 20.0625, 21.015625, 21.96875, 22.921875, 23.875, 24.828125, 25.78125, 26.734375, 27.6875, 28.640625, 29.59375, 30.546875, 31.5, 32.453125, 33.40625, 34.359375, 35.3125, 36.265625, 37.21875, 38.171875, 39.125, 40.078125, 41.03125, 41.984375, 42.9375, 43.890625, 44.84375, 45.796875, 46.75, 47.703125, 48.65625, 49.609375, 50.5625, 51.515625, 52.46875, 53.421875, 54.375, 55.328125, 56.28125, 57.234375, 58.1875, 59.140625, 60.09375, 61.046875, 62.0]}}