{"loss classification": NaN, "_timestamp": 1726465901.0578341, "_runtime": 370.03450107574463, "_step": 59, "_wandb": {"runtime": 507}}