{"loss classification": NaN, "_timestamp": 1726044454.6403148, "_runtime": 252.61999082565308, "_step": 39}