{"loss classification": 1.1687226295471191, "_timestamp": 1726239720.2064834, "_runtime": 3337.8261482715607, "_step": 329}