{"loss classification": NaN, "_timestamp": 1726058929.3445826, "_runtime": 338.4050576686859, "_step": 53, "_wandb": {"runtime": 338}}