{"loss classification": NaN, "_timestamp": 1726056976.136333, "_runtime": 204.10112500190735, "_step": 29, "_wandb": {"runtime": 246}}