{"loss classification": 1.1639111042022705, "_timestamp": 1727262129.3632276, "_runtime": 4869.270083665848, "_step": 5264, "loss_epoch_end": 1.1956921137311172, "acc_epoch_end": 0.44101777216510585, "lr": 0.001, "loss val classification": 1.1811552047729492, "loss_epoch_end_val": 1.193622234989615, "acc_epoch_end_val": 0.45027030994689543, "confussion matrix_table": {"_type": "table-file", "sha256": "b2bbe2557c6f6f485ef7b4087f4ddff04556407b47330066ca2253b59ba679d4", "size": 1524, "artifact_path": "wandb-client-artifact://roks2itd8fvae1epzbspe6p7nyysqkcjq7ea26rm5pkpz6lmzxr0dr0bsoqa0reeifklav3tk2yremoldebcaw3fcem22822r2r6ixzein85wt137qyyedofoc3fztrh:latest/confussion matrix_table.table.json", "_latest_artifact_path": "wandb-client-artifact://roks2itd8fvae1epzbspe6p7nyysqkcjq7ea26rm5pkpz6lmzxr0dr0bsoqa0reeifklav3tk2yremoldebcaw3fcem22822r2r6ixzein85wt137qyyedofoc3fztrh:latest/confussion matrix_table.table.json", "path": "media/table/confussion matrix_table_4547_b2bbe2557c6f6f485ef7.table.json", "ncols": 3, "nrows": 49}, "hist_errors_count": {"_type": "histogram", "values": [8, 14, 22, 27, 40, 46, 91, 229, 134, 161, 181, 190, 206, 207, 425, 209, 198, 201, 200, 223, 199, 310, 153, 160, 131, 135, 127, 117, 196, 101, 79, 87, 69, 59, 60, 105, 47, 40, 32, 44, 33, 33, 42, 21, 15, 10, 17, 20, 18, 17, 2, 7, 5, 7, 2, 6, 7, 0, 1, 0, 0, 2, 0, 5], "bins": [2.0, 3.140625, 4.28125, 5.421875, 6.5625, 7.703125, 8.84375, 9.984375, 11.125, 12.265625, 13.40625, 14.546875, 15.6875, 16.828125, 17.96875, 19.109375, 20.25, 21.390625, 22.53125, 23.671875, 24.8125, 25.953125, 27.09375, 28.234375, 29.375, 30.515625, 31.65625, 32.796875, 33.9375, 35.078125, 36.21875, 37.359375, 38.5, 39.640625, 40.78125, 41.921875, 43.0625, 44.203125, 45.34375, 46.484375, 47.625, 48.765625, 49.90625, 51.046875, 52.1875, 53.328125, 54.46875, 55.609375, 56.75, 57.890625, 59.03125, 60.171875, 61.3125, 62.453125, 63.59375, 64.734375, 65.875, 67.015625, 68.15625, 69.296875, 70.4375, 71.578125, 72.71875, 73.859375, 75.0]}, "_wandb": {"runtime": 4868}}