{"loss classification": NaN, "_timestamp": 1726057240.0514443, "_runtime": 165.41761136054993, "_step": 39, "_wandb": {"runtime": 194}}