{"loss classification": NaN, "_timestamp": 1726062450.8845224, "_runtime": 298.1753923892975, "_step": 48, "_wandb": {"runtime": 332}}