{"loss classification": NaN, "_timestamp": 1726058332.040165, "_runtime": 191.91817092895508, "_step": 29, "_wandb": {"runtime": 222}}