{"loss classification": 0.9823676347732544, "_timestamp": 1724301708.8448255, "_runtime": 153067.93184757233, "_step": 32234, "loss_epoch_end": 0.9949564178525819, "acc_epoch_end": 0.5868814574002443, "lr": 0.001, "loss val classification": 1.003965139389038, "loss_epoch_end_val": 1.0097031192062726, "acc_epoch_end_val": 0.5809366064133987, "confussion matrix_table": {"_type": "table-file", "sha256": "e9ca9b47a7a4d1d62e5c3c97188d0ae05dc5e11af89bac23db14a0c83a64f947", "size": 1542, "artifact_path": "wandb-client-artifact://riorthcsoat28do4t3x3190v71bgrlehyeg5296kcv9kt2oli2uyt9pwl8a4k6zdv4c5s2k42lvgasnr6l13tltehwu8ge1oi3fb52tz42gq5wtgmts26avbrzhqm9zb:latest/confussion matrix_table.table.json", "_latest_artifact_path": "wandb-client-artifact://riorthcsoat28do4t3x3190v71bgrlehyeg5296kcv9kt2oli2uyt9pwl8a4k6zdv4c5s2k42lvgasnr6l13tltehwu8ge1oi3fb52tz42gq5wtgmts26avbrzhqm9zb:latest/confussion matrix_table.table.json", "path": "media/table/confussion matrix_table_31585_e9ca9b47a7a4d1d62e5c.table.json", "ncols": 3, "nrows": 49}, "te/b_vs_g_10%": 0.9046624913013221, "te/b_vs_g_1%": 0.6235212247738344, "te/b_vs_ud_10%": 0.9575504523312457, "te/b_vs_ud_1%": 0.8865692414752957, "te/b_vs_c_10%": 0.8580375782881002, "te/b_vs_c_1%": 0.7313848295059151, "roc b_table": {"_type": "table-file", "sha256": "b325693658ad4aebbb0aae0d1fdfb61d8d4cf7e9f633047da0ee862849f09463", "size": 72060, "artifact_path": "wandb-client-artifact://97fpyioxkvonzam0yz6z75jyvr31cz0echr8lmxj73wr0vp5g3i8np9uox9cb3xfbyv4rhxiidm8k3999a3vp8mz2hwh72fq43ooxrbs6g0vmlpt0m2q1techqfgws56:latest/roc b_table.table.json", "_latest_artifact_path": "wandb-client-artifact://97fpyioxkvonzam0yz6z75jyvr31cz0echr8lmxj73wr0vp5g3i8np9uox9cb3xfbyv4rhxiidm8k3999a3vp8mz2hwh72fq43ooxrbs6g0vmlpt0m2q1techqfgws56:latest/roc b_table.table.json", "path": "media/table/roc b_table_31589_b325693658ad4aebbb0a.table.json", "ncols": 3, "nrows": 1435}, "auc/b_g": 0.05079004461910008, "auc/b_ud": 0.015570875566746634, "auc/b_d": 0.00024286564143705114, "auc/b_c": 0.05441733884286859, "te/c_vs_g_10%": 0.7844396859386152, "te/c_vs_g_1%": 0.43897216274089934, "te/c_vs_ud_10%": 0.8108493932905068, "te/c_vs_ud_1%": 0.563169164882227, "te/c_vs_b_10%": 0.7965738758029979, "te/c_vs_b_1%": 0.377587437544611, "roc c_table": {"_type": "table-file", "sha256": "c4355dd5682b7e2405bcbcdb678f5868b7993617da7190d0d2069655c0cdfa9e", "size": 106321, "artifact_path": "wandb-client-artifact://q90qpiru4h49fs5j9flge4qo85rclqm6zqlw136e7dg8vhy55y5o61jqeb6s6fkkfdneo3k85xqd0e2fod6ejg2j1koffpohbkh97e6uyinhw2tquv4si3yqfplj0lbm:latest/roc c_table.table.json", "_latest_artifact_path": "wandb-client-artifact://q90qpiru4h49fs5j9flge4qo85rclqm6zqlw136e7dg8vhy55y5o61jqeb6s6fkkfdneo3k85xqd0e2fod6ejg2j1koffpohbkh97e6uyinhw2tquv4si3yqfplj0lbm:latest/roc c_table.table.json", "path": "media/table/roc c_table_31597_c4355dd5682b7e2405bc.table.json", "ncols": 3, "nrows": 2073}, "auc/c_g": 0.1010202796321954, "auc/c_ud": 0.07362155762199307, "auc/c_d": 0.00024286564143705114, "auc/c_b": 0.05441733884286859, "te/s_vs_g_10%": 0.5517241379310345, "te/s_vs_g_1%": 0.09218859957776214, "te/s_vs_ud_10%": 0.23997185080928923, "te/s_vs_ud_1%": 0.04785362420830401, "te/s_vs_c_10%": 0.6959887403237157, "te/s_vs_c_1%": 0.14004222378606615, "te/s_vs_b_10%": 0.9817030260380014, "te/s_vs_b_1%": 0.48627726952850103, "roc s_table": {"_type": "table-file", "sha256": "77dc38c6c762151205a2e0415898743efcde020d545b8543ee804c720e54a485", "size": 186282, "artifact_path": "wandb-client-artifact://uh1ekqxgtyv8lvnkgyx8l2zr8dtokq4w34pg0rvcpl34ppghi8e1l7b5q8ukprj6qqqxza37rdr3snxj88a5g63mwxkk85z1rsvn498zd9hnt7jdaea2aea9dm4a3m1y:latest/roc s_table.table.json", "_latest_artifact_path": "wandb-client-artifact://uh1ekqxgtyv8lvnkgyx8l2zr8dtokq4w34pg0rvcpl34ppghi8e1l7b5q8ukprj6qqqxza37rdr3snxj88a5g63mwxkk85z1rsvn498zd9hnt7jdaea2aea9dm4a3m1y:latest/roc s_table.table.json", "path": "media/table/roc s_table_31606_77dc38c6c762151205a2.table.json", "ncols": 3, "nrows": 3550}, "auc/s_g": 0.1820499135614837, "auc/s_ud": 0.3576951575943027, "auc/s_d": 0.00024286564143705114, "auc/s_c": 0.0831003892364004, "auc/s_b": 0.01783222827681208, "te/g_vs_ud_10%": 0.47058823529411764, "te/g_vs_ud_1%": 0.08403361344537816, "te/g_vs_s_10%": 0.47478991596638653, "te/g_vs_s_1%": 0.09173669467787114, "te/g_vs_c_10%": 0.6386554621848739, "te/g_vs_c_1%": 0.09873949579831932, "te/g_vs_b_10%": 0.9250700280112045, "te/g_vs_b_1%": 0.22128851540616246, "roc g_table": {"_type": "table-file", "sha256": "a7ea5dfa2a41e25cac7a931606a2b869420660116ef0ae20dfbfac45b27a9eec", "size": 176926, "artifact_path": "wandb-client-artifact://qutglasejkpuprjnyef20wg8fx681xf5p8l5lv0isw9mwf6x9jmojv1xr9naaksdf4ut1dkeyenccifq1wag4x15h0jcpigzz7la3f52tb9h9n09dblg70ap2jq7t7gy:latest/roc g_table.table.json", "_latest_artifact_path": "wandb-client-artifact://qutglasejkpuprjnyef20wg8fx681xf5p8l5lv0isw9mwf6x9jmojv1xr9naaksdf4ut1dkeyenccifq1wag4x15h0jcpigzz7la3f52tb9h9n09dblg70ap2jq7t7gy:latest/roc g_table.table.json", "path": "media/table/roc g_table_31616_a7ea5dfa2a41e25cac7a.table.json", "ncols": 3, "nrows": 3389}, "auc/g_ud": 0.1814993406833485, "auc/g_s": 0.18204966715750337, "auc/g_c": 0.10102027963219551, "auc/g_d": 0.00024286564143705114, "auc/g_b": 0.050790044619100194, "te/tau_vs_ud_10%": 0.13356643356643358, "te/tau_vs_ud_1%": 0.022377622377622378, "te/tau_vs_s_10%": 0.20909090909090908, "te/tau_vs_s_1%": 0.03496503496503497, "te/tau_vs_c_10%": 0.734965034965035, "te/tau_vs_c_1%": 0.23426573426573427, "te/tau_vs_b_10%": 0.9895104895104895, "te/tau_vs_b_1%": 0.644055944055944, "te/tau_vs_g_10%": 0.5307692307692308, "te/tau_vs_g_1%": 0.11888111888111888, "roc tau_table": {"_type": "table-file", "sha256": "cf3cb9428da70337acf858d4dc3c97026dff47821b5d82dc1341ddd7beaa7986", "size": 266012, "artifact_path": "wandb-client-artifact://kgvzqxregpxi9jxcmwgt5zthu334odphshgls6r7kr5axyblwckv5m7sj6sov2nbzjl3456vv82y2ql93r8z9hya09cb96fik0be7yi89a09j8gguiw978gd84avroqo:latest/roc tau_table.table.json", "_latest_artifact_path": "wandb-client-artifact://kgvzqxregpxi9jxcmwgt5zthu334odphshgls6r7kr5axyblwckv5m7sj6sov2nbzjl3456vv82y2ql93r8z9hya09cb96fik0be7yi89a09j8gguiw978gd84avroqo:latest/roc tau_table.table.json", "path": "media/table/roc tau_table_31628_cf3cb9428da70337acf8.table.json", "ncols": 3, "nrows": 4864}, "auc/tau_ud": 0.4555817441611313, "auc/tau_d": 0.00024286564143705114, "auc/tau_s": 0.3684305841941311, "auc/tau_c": 0.07570466649695762, "auc/tau_b": 0.01592770486298667, "auc/tau_g": 0.18301845213609913, "hist_errors_count": {"_type": "histogram", "values": [5, 10, 11, 23, 34, 41, 55, 84, 98, 117, 122, 185, 185, 197, 203, 196, 226, 198, 226, 205, 180, 0, 198, 168, 150, 145, 139, 94, 101, 90, 72, 72, 54, 52, 43, 42, 33, 33, 22, 17, 19, 11, 0, 14, 6, 9, 6, 2, 2, 6, 1, 4, 1, 0, 1, 1, 0, 0, 0, 0, 0, 0, 0, 1], "bins": [1.0, 1.953125, 2.90625, 3.859375, 4.8125, 5.765625, 6.71875, 7.671875, 8.625, 9.578125, 10.53125, 11.484375, 12.4375, 13.390625, 14.34375, 15.296875, 16.25, 17.203125, 18.15625, 19.109375, 20.0625, 21.015625, 21.96875, 22.921875, 23.875, 24.828125, 25.78125, 26.734375, 27.6875, 28.640625, 29.59375, 30.546875, 31.5, 32.453125, 33.40625, 34.359375, 35.3125, 36.265625, 37.21875, 38.171875, 39.125, 40.078125, 41.03125, 41.984375, 42.9375, 43.890625, 44.84375, 45.796875, 46.75, 47.703125, 48.65625, 49.609375, 50.5625, 51.515625, 52.46875, 53.421875, 54.375, 55.328125, 56.28125, 57.234375, 58.1875, 59.140625, 60.09375, 61.046875, 62.0]}}