{"loss classification": NaN, "_timestamp": 1726062687.0164595, "_runtime": 130.91210556030273, "_step": 18, "_wandb": {"runtime": 131}}