{"loss classification": NaN, "_timestamp": 1725978846.3361046, "_runtime": 10555.285563707352, "_step": 1437, "loss_epoch_end": NaN, "acc_epoch_end": 0.14299330311737185, "lr": 0.001, "loss val classification": NaN}