{"loss classification": 1.3267152309417725, "_timestamp": 1723795178.1179054, "_runtime": 440.8177492618561, "_step": 127, "_wandb": {"runtime": 454}}