{"loss classification": 1.8691954612731934, "_timestamp": 1718877552.624326, "_runtime": 1480.2488300800323, "_step": 618, "loss_epoch_end": 1.6074992716312408, "acc_epoch_end": 0.2476806640625, "lr": 1e-05, "loss val classification": 5.282644271850586, "loss_epoch_end_val": 5.282644271850586, "acc_epoch_end_val": 0.0, "confussion matrix_table": {"_type": "table-file", "sha256": "f1b6b8682229ffc403cf6037f03c3b7db86f58f73d7a5620e9261025de22a262", "size": 1114, "artifact_path": "wandb-client-artifact://sv5hojsxxvgvrpbci3av88vcj45q7bwj0wk6zqoi8o0jmblkzm05k3e6xf04058ymjx98nqemfrrweywlqbgl3xphzzokqwhp6oc3ze2koelimxx5x81yvh562unkb92:latest/confussion matrix_table.table.json", "_latest_artifact_path": "wandb-client-artifact://sv5hojsxxvgvrpbci3av88vcj45q7bwj0wk6zqoi8o0jmblkzm05k3e6xf04058ymjx98nqemfrrweywlqbgl3xphzzokqwhp6oc3ze2koelimxx5x81yvh562unkb92:latest/confussion matrix_table.table.json", "path": "media/table/confussion matrix_table_617_f1b6b8682229ffc403cf.table.json", "ncols": 3, "nrows": 36}, "hist_errors_count": {"_type": "histogram", "values": [3, 3, 14, 6, 20, 0, 19, 39, 39, 73, 0, 70, 82, 95, 118, 0, 102, 124, 106, 120, 98, 0, 104, 86, 95, 79, 0, 85, 62, 71, 50, 0, 42, 38, 30, 26, 28, 0, 23, 13, 16, 8, 0, 6, 7, 9, 2, 0, 4, 10, 6, 4, 4, 0, 4, 0, 2, 2, 0, 0, 0, 0, 0, 1], "bins": [1.0, 1.8125, 2.625, 3.4375, 4.25, 5.0625, 5.875, 6.6875, 7.5, 8.3125, 9.125, 9.9375, 10.75, 11.5625, 12.375, 13.1875, 14.0, 14.8125, 15.625, 16.4375, 17.25, 18.0625, 18.875, 19.6875, 20.5, 21.3125, 22.125, 22.9375, 23.75, 24.5625, 25.375, 26.1875, 27.0, 27.8125, 28.625, 29.4375, 30.25, 31.0625, 31.875, 32.6875, 33.5, 34.3125, 35.125, 35.9375, 36.75, 37.5625, 38.375, 39.1875, 40.0, 40.8125, 41.625, 42.4375, 43.25, 44.0625, 44.875, 45.6875, 46.5, 47.3125, 48.125, 48.9375, 49.75, 50.5625, 51.375, 52.1875, 53.0]}, "_wandb": {"runtime": 1479}}