{"loss classification": NaN, "_timestamp": 1726063563.8994653, "_runtime": 92.27395820617676, "_step": 9, "_wandb": {"runtime": 117}}