{"loss classification": NaN, "_timestamp": 1726062919.0790458, "_runtime": 85.42226767539978, "_step": 9, "_wandb": {"runtime": 104}}