{"loss classification": NaN, "_timestamp": 1726063810.1656122, "_runtime": 72.77215313911438, "_step": 5, "_wandb": {"runtime": 74}}