{"loss classification": 1.062037706375122, "_timestamp": 1726473582.7789378, "_runtime": 6980.40257692337, "_step": 964}