{"loss classification": 0.9586906433105469, "_timestamp": 1723943153.2317982, "_runtime": 145007.8251271248, "_step": 32443, "loss_epoch_end": 0.9709362540066436, "acc_epoch_end": 0.5976665882023615, "lr": 0.001, "loss val classification": 0.9689105153083801, "loss_epoch_end_val": 0.9817432387202394, "acc_epoch_end_val": 0.5926776960784313, "confussion matrix_table": {"_type": "table-file", "sha256": "13946ae5b78668385a93c9e038161e336776c29e18572a4b27de71c5b2f8335e", "size": 1542, "artifact_path": "wandb-client-artifact://f362xlz7a6n9dxvko7dhg0gkdz08ndahmzognmsgxjmuwtani6u6r1wlyq54cltk65f9odky20qdfb6n3dgblbgq5wfwth5b7xe0lg2fo0efgc3o3hd78qrn0sd5b7lm:latest/confussion matrix_table.table.json", "_latest_artifact_path": "wandb-client-artifact://f362xlz7a6n9dxvko7dhg0gkdz08ndahmzognmsgxjmuwtani6u6r1wlyq54cltk65f9odky20qdfb6n3dgblbgq5wfwth5b7xe0lg2fo0efgc3o3hd78qrn0sd5b7lm:latest/confussion matrix_table.table.json", "path": "media/table/confussion matrix_table_32393_13946ae5b78668385a93.table.json", "ncols": 3, "nrows": 49}, "te/b_vs_g_10%": 0.9185393258426966, "te/b_vs_g_1%": 0.6355337078651685, "te/b_vs_ud_10%": 0.9705056179775281, "te/b_vs_ud_1%": 0.901685393258427, "te/b_vs_c_10%": 0.8728932584269663, "te/b_vs_c_1%": 0.7303370786516854, "roc b_table": {"_type": "table-file", "sha256": "ba9cf9bf1f1c88d3bdde690442a6cc2d236b5d26e377cb83a5f11082cd1d72b0", "size": 65131, "artifact_path": "wandb-client-artifact://ntptuqk3ut3py44yg2baztpfmpxyw3g54h2bhqjd8sgvjncvwltll3emzr29afz45h242ztcs7v3q1316oht9u3md82bhe6yzw1puftejhodm6galjzbcqw5q32r3j8c:latest/roc b_table.table.json", "_latest_artifact_path": "wandb-client-artifact://ntptuqk3ut3py44yg2baztpfmpxyw3g54h2bhqjd8sgvjncvwltll3emzr29afz45h242ztcs7v3q1316oht9u3md82bhe6yzw1puftejhodm6galjzbcqw5q32r3j8c:latest/roc b_table.table.json", "path": "media/table/roc b_table_32397_ba9cf9bf1f1c88d3bdde.table.json", "ncols": 3, "nrows": 1310}, "auc/b_g": 0.04312082979259124, "auc/b_ud": 0.01060005032198219, "auc/b_d": 0.0006623964853622599, "auc/b_c": 0.04846614694661111, "te/c_vs_g_10%": 0.8277099784637473, "te/c_vs_g_1%": 0.457286432160804, "te/c_vs_ud_10%": 0.8485283560660445, "te/c_vs_ud_1%": 0.6216798277099784, "te/c_vs_b_10%": 0.8291457286432161, "te/c_vs_b_1%": 0.39339554917444364, "roc c_table": {"_type": "table-file", "sha256": "9abb92b175bd276c04ffd4825bee26a94a6c828f7fdf8e6e355b192f40308f42", "size": 96320, "artifact_path": "wandb-client-artifact://68i3iq2dvz5qdnc76g2uis2827s7xuv86bx6mnmahjshfn51c2ttpoquxghh4safbh3bqz60ho527d8mf421lta9hatwguuxmi03oemj4c17aj924qy4yofktwg0lfh6:latest/roc c_table.table.json", "_latest_artifact_path": "wandb-client-artifact://68i3iq2dvz5qdnc76g2uis2827s7xuv86bx6mnmahjshfn51c2ttpoquxghh4safbh3bqz60ho527d8mf421lta9hatwguuxmi03oemj4c17aj924qy4yofktwg0lfh6:latest/roc c_table.table.json", "path": "media/table/roc c_table_32405_9abb92b175bd276c04ff.table.json", "ncols": 3, "nrows": 1888}, "auc/c_g": 0.08540903798705413, "auc/c_ud": 0.055552680929389586, "auc/c_d": 0.0006623964853622599, "auc/c_b": 0.04846614694661111, "te/s_vs_g_10%": 0.5816254416961131, "te/s_vs_g_1%": 0.127208480565371, "te/s_vs_ud_10%": 0.2381625441696113, "te/s_vs_ud_1%": 0.04169611307420495, "te/s_vs_c_10%": 0.7795053003533569, "te/s_vs_c_1%": 0.1674911660777385, "te/s_vs_b_10%": 0.9908127208480565, "te/s_vs_b_1%": 0.5279151943462898, "roc s_table": {"_type": "table-file", "sha256": "2e1ae29d9fb6b61a20d0f971d2f88292cc8d01ea47cc343b8b63dbe455668fd0", "size": 170327, "artifact_path": "wandb-client-artifact://ive4f8f0kcicluxenjucbrbpoa9qn2gwk24jlq2ui6dereslvwquujb70wlbbrdt3g4yv61ym4o7tbkmzjt55oiktja9znv6vk9tld3iw0qhzv3mbgiat8rakgcejj7q:latest/roc s_table.table.json", "_latest_artifact_path": "wandb-client-artifact://ive4f8f0kcicluxenjucbrbpoa9qn2gwk24jlq2ui6dereslvwquujb70wlbbrdt3g4yv61ym4o7tbkmzjt55oiktja9znv6vk9tld3iw0qhzv3mbgiat8rakgcejj7q:latest/roc s_table.table.json", "path": "media/table/roc s_table_32414_2e1ae29d9fb6b61a20d0.table.json", "ncols": 3, "nrows": 3261}, "auc/s_g": 0.1683609486197305, "auc/s_ud": 0.35558088757118445, "auc/s_d": 0.0006623964853622599, "auc/s_c": 0.06940710620238999, "auc/s_b": 0.013570989002263056, "te/g_vs_ud_10%": 0.511204481792717, "te/g_vs_ud_1%": 0.09803921568627451, "te/g_vs_s_10%": 0.47619047619047616, "te/g_vs_s_1%": 0.1092436974789916, "te/g_vs_c_10%": 0.7016806722689075, "te/g_vs_c_1%": 0.17717086834733894, "te/g_vs_b_10%": 0.9502801120448179, "te/g_vs_b_1%": 0.27380952380952384, "roc g_table": {"_type": "table-file", "sha256": "825a68142ace5e250f4925916ffad7ea1e25f765d5c6df6d7a3aa894ad3eb39a", "size": 160772, "artifact_path": "wandb-client-artifact://0atwow4z2u5d1que737obpvguu74153ijw5sgcz2973f34zybmusiw38yip6iisv0tzsryi8goqir6y5pbaacf68slwuyyftm7rqj3icjjng5rdm3miackev2kvzxvb1:latest/roc g_table.table.json", "_latest_artifact_path": "wandb-client-artifact://0atwow4z2u5d1que737obpvguu74153ijw5sgcz2973f34zybmusiw38yip6iisv0tzsryi8goqir6y5pbaacf68slwuyyftm7rqj3icjjng5rdm3miackev2kvzxvb1:latest/roc g_table.table.json", "path": "media/table/roc g_table_32424_825a68142ace5e250f49.table.json", "ncols": 3, "nrows": 3091}, "auc/g_ud": 0.16029700893653476, "auc/g_s": 0.16836070117092783, "auc/g_c": 0.08540903798705413, "auc/g_d": 0.0006623964853622599, "auc/g_b": 0.04312082979259124, "te/tau_vs_ud_10%": 0.13983628922237382, "te/tau_vs_ud_1%": 0.021145975443383355, "te/tau_vs_s_10%": 0.21828103683492497, "te/tau_vs_s_1%": 0.048431105047748974, "te/tau_vs_c_10%": 0.8117326057298773, "te/tau_vs_c_1%": 0.2407912687585266, "te/tau_vs_b_10%": 0.9918144611186903, "te/tau_vs_b_1%": 0.7346521145975443, "te/tau_vs_g_10%": 0.5648021828103683, "te/tau_vs_g_1%": 0.10914051841746249, "roc tau_table": {"_type": "table-file", "sha256": "7fa189b581ab0101fcee6bbf069a1f9dc9a56129159345fb3c94b6e1db376309", "size": 261915, "artifact_path": "wandb-client-artifact://dsyuzf81qy81mq5ndzldtmabzo83yql8epxs3w4ae10o2tajsyrhrfkvz4b5njnmbr7isp6k9ukoyfujkp0caik4gg0tgrn7nyxa60e7x8plw1em5ejjodbep31dc58y:latest/roc tau_table.table.json", "_latest_artifact_path": "wandb-client-artifact://dsyuzf81qy81mq5ndzldtmabzo83yql8epxs3w4ae10o2tajsyrhrfkvz4b5njnmbr7isp6k9ukoyfujkp0caik4gg0tgrn7nyxa60e7x8plw1em5ejjodbep31dc58y:latest/roc tau_table.table.json", "path": "media/table/roc tau_table_32436_7fa189b581ab0101fcee.table.json", "ncols": 3, "nrows": 4784}, "auc/tau_ud": 0.46261326240599854, "auc/tau_d": 0.0006623964853622599, "auc/tau_s": 0.3630855335785459, "auc/tau_c": 0.058235290661062034, "auc/tau_b": 0.010566281404724265, "auc/tau_g": 0.175988847107738, "hist_errors_count": {"_type": "histogram", "values": [6, 9, 12, 32, 26, 44, 51, 95, 95, 124, 115, 180, 169, 178, 199, 209, 207, 207, 218, 193, 165, 174, 161, 152, 145, 121, 96, 100, 88, 67, 67, 0, 67, 44, 24, 34, 36, 34, 19, 13, 16, 9, 17, 3, 6, 11, 4, 3, 4, 2, 2, 0, 0, 1, 1, 2, 1, 0, 0, 0, 0, 0, 1, 1], "bins": [1.0, 1.96875, 2.9375, 3.90625, 4.875, 5.84375, 6.8125, 7.78125, 8.75, 9.71875, 10.6875, 11.65625, 12.625, 13.59375, 14.5625, 15.53125, 16.5, 17.46875, 18.4375, 19.40625, 20.375, 21.34375, 22.3125, 23.28125, 24.25, 25.21875, 26.1875, 27.15625, 28.125, 29.09375, 30.0625, 31.03125, 32.0, 32.96875, 33.9375, 34.90625, 35.875, 36.84375, 37.8125, 38.78125, 39.75, 40.71875, 41.6875, 42.65625, 43.625, 44.59375, 45.5625, 46.53125, 47.5, 48.46875, 49.4375, 50.40625, 51.375, 52.34375, 53.3125, 54.28125, 55.25, 56.21875, 57.1875, 58.15625, 59.125, 60.09375, 61.0625, 62.03125, 63.0]}, "_wandb": {"runtime": 145007}}