{"loss classification": NaN, "_timestamp": 1724320381.9651234, "_runtime": 248.2795913219452, "_step": 67, "_wandb": {"runtime": 260}}