{"loss classification": 0.9844109416007996, "_timestamp": 1724066880.5018568, "_runtime": 8773.467572689056, "_step": 2433, "loss_epoch_end": 0.9635091026947631, "acc_epoch_end": 0.6005485609222313, "lr": 0.001, "loss val classification": 0.9990938901901245, "loss_epoch_end_val": 0.9825730425080442, "acc_epoch_end_val": 0.5924191942401961, "confussion matrix_table": {"_type": "table-file", "sha256": "32ceec5a295ba2a53ea8f93160c22020d88538d412491aa96e632acb83f8cf11", "size": 1541, "artifact_path": "wandb-client-artifact://g1jr1ptqkdz4fglzc8oz27oehta74djj0hxic7iwhp93od9q9qvduplb8y551luymmipbgdx3pwzhtufticmhurnfrh745cotj351q4905279fvbhzfz5nr93zqhitcg:latest/confussion matrix_table.table.json", "_latest_artifact_path": "wandb-client-artifact://g1jr1ptqkdz4fglzc8oz27oehta74djj0hxic7iwhp93od9q9qvduplb8y551luymmipbgdx3pwzhtufticmhurnfrh745cotj351q4905279fvbhzfz5nr93zqhitcg:latest/confussion matrix_table.table.json", "path": "media/table/confussion matrix_table_2382_32ceec5a295ba2a53ea8.table.json", "ncols": 3, "nrows": 49}, "te/b_vs_g_10%": 0.9104683195592287, "te/b_vs_g_1%": 0.6831955922865014, "te/b_vs_ud_10%": 0.9641873278236914, "te/b_vs_ud_1%": 0.8698347107438017, "te/b_vs_c_10%": 0.8863636363636364, "te/b_vs_c_1%": 0.7589531680440771, "roc b_table": {"_type": "table-file", "sha256": "d195de41bc91c42ea1845292e20be0daa9ca0dd0e11f4f9a3e370087c9c0ed96", "size": 69319, "artifact_path": "wandb-client-artifact://hxr2csw7mromszgm7mnrsyldtca9nqs22vflk9i16wxfp03q5deboueqh5bzojzb6az4ee5mitaf8hcmgzfznesgqmckfazkpiib4c3e0rfa74u8d1ijz2n6r4mgixfh:latest/roc b_table.table.json", "_latest_artifact_path": "wandb-client-artifact://hxr2csw7mromszgm7mnrsyldtca9nqs22vflk9i16wxfp03q5deboueqh5bzojzb6az4ee5mitaf8hcmgzfznesgqmckfazkpiib4c3e0rfa74u8d1ijz2n6r4mgixfh:latest/roc b_table.table.json", "path": "media/table/roc b_table_2386_d195de41bc91c42ea184.table.json", "ncols": 3, "nrows": 1402}, "auc/b_g": 0.04487161406180973, "auc/b_ud": 0.013766360984146742, "auc/b_d": 0.0005766125201861483, "auc/b_c": 0.04320719153255037, "te/c_vs_g_10%": 0.8111031002162942, "te/c_vs_g_1%": 0.48954578226387885, "te/c_vs_ud_10%": 0.829127613554434, "te/c_vs_ud_1%": 0.6128334534967556, "te/c_vs_b_10%": 0.8673395818312906, "te/c_vs_b_1%": 0.40663302090843545, "roc c_table": {"_type": "table-file", "sha256": "fd0d5200444c141c99f5381180d328a5733dc0504184a7ab8673f0f0cbd4ff0f", "size": 100596, "artifact_path": "wandb-client-artifact://1hfcv214mc7pznw1xyt7c96vflrnim5bp93ggotdug5fdu5ogi5d5br3hr3k6w32eparzahxz8xoe29ri1alg5c2msp2mnonsd59bo68b8yj23k8zi39kdzsyg8nkqrh:latest/roc c_table.table.json", "_latest_artifact_path": "wandb-client-artifact://1hfcv214mc7pznw1xyt7c96vflrnim5bp93ggotdug5fdu5ogi5d5br3hr3k6w32eparzahxz8xoe29ri1alg5c2msp2mnonsd59bo68b8yj23k8zi39kdzsyg8nkqrh:latest/roc c_table.table.json", "path": "media/table/roc c_table_2394_fd0d5200444c141c99f5.table.json", "ncols": 3, "nrows": 1982}, "auc/c_g": 0.09080220772605696, "auc/c_ud": 0.06550789607949736, "auc/c_d": 0.0005766125201861483, "auc/c_b": 0.04320719153255037, "te/s_vs_g_10%": 0.5576368876080692, "te/s_vs_g_1%": 0.10302593659942363, "te/s_vs_ud_10%": 0.23847262247838616, "te/s_vs_ud_1%": 0.056195965417867436, "te/s_vs_c_10%": 0.7334293948126801, "te/s_vs_c_1%": 0.15489913544668588, "te/s_vs_b_10%": 0.9870317002881844, "te/s_vs_b_1%": 0.5540345821325648, "roc s_table": {"_type": "table-file", "sha256": "5bd3d5e4b9a403cbb6969adde1416acdc614eb94723ecccd1e097efe54af1c79", "size": 180194, "artifact_path": "wandb-client-artifact://57v1waqzm5sh93coumpe74fkktull0dea6ts2xgg728oqro78yz54dw9w4xvsddt5g0rjtveo3hcngomafnaoxrwrmz1xtcfq9m7dfhjrqavw1pngpgxll8j4nuqyvuu:latest/roc s_table.table.json", "_latest_artifact_path": "wandb-client-artifact://57v1waqzm5sh93coumpe74fkktull0dea6ts2xgg728oqro78yz54dw9w4xvsddt5g0rjtveo3hcngomafnaoxrwrmz1xtcfq9m7dfhjrqavw1pngpgxll8j4nuqyvuu:latest/roc s_table.table.json", "path": "media/table/roc s_table_2403_5bd3d5e4b9a403cbb696.table.json", "ncols": 3, "nrows": 3456}, "auc/s_g": 0.17853566897148643, "auc/s_ud": 0.3461240914494482, "auc/s_d": 0.0005766125201861483, "auc/s_c": 0.079343180500697, "auc/s_b": 0.015695334270131256, "te/g_vs_ud_10%": 0.4689419795221843, "te/g_vs_ud_1%": 0.10511945392491467, "te/g_vs_s_10%": 0.4484641638225256, "te/g_vs_s_1%": 0.1037542662116041, "te/g_vs_c_10%": 0.647098976109215, "te/g_vs_c_1%": 0.14675767918088736, "te/g_vs_b_10%": 0.9453924914675768, "te/g_vs_b_1%": 0.30648464163822525, "roc g_table": {"_type": "table-file", "sha256": "eef6930f021d6005265e46a9bc3cd3fe2dd910c0effcec63f68bead06a09678f", "size": 169245, "artifact_path": "wandb-client-artifact://cdwnnz0xl5ukf6ihsoweogqlxil79hvintzixphg1o2l6rqk66mu1u8ydu9nxjcdtgoc19louyasgxgmx2ai63ti49d4ktg0ozosz3l5qcwmjjqhq5ae0cf4od76ggr7:latest/roc g_table.table.json", "_latest_artifact_path": "wandb-client-artifact://cdwnnz0xl5ukf6ihsoweogqlxil79hvintzixphg1o2l6rqk66mu1u8ydu9nxjcdtgoc19louyasgxgmx2ai63ti49d4ktg0ozosz3l5qcwmjjqhq5ae0cf4od76ggr7:latest/roc g_table.table.json", "path": "media/table/roc g_table_2413_eef6930f021d6005265e.table.json", "ncols": 3, "nrows": 3268}, "auc/g_ud": 0.17116076932117164, "auc/g_s": 0.17853566897148632, "auc/g_c": 0.09080220772605707, "auc/g_d": 0.0005766125201861483, "auc/g_b": 0.044871614061809395, "te/tau_vs_ud_10%": 0.15818815331010452, "te/tau_vs_ud_1%": 0.03832752613240418, "te/tau_vs_s_10%": 0.22020905923344947, "te/tau_vs_s_1%": 0.032752613240418116, "te/tau_vs_c_10%": 0.7853658536585366, "te/tau_vs_c_1%": 0.313588850174216, "te/tau_vs_b_10%": 0.9874564459930314, "te/tau_vs_b_1%": 0.6641114982578398, "te/tau_vs_g_10%": 0.556794425087108, "te/tau_vs_g_1%": 0.14076655052264808, "roc tau_table": {"_type": "table-file", "sha256": "955898c0f85a8355926f64b8cc116b6d0ba7c36972d58a7f5f33eef10ef1050b", "size": 267646, "artifact_path": "wandb-client-artifact://xnug2jhd3j6k7mzggzfwfd38o9w29ixn8mvm5j4l338uj4fq6h6827s76b1scsi1cthus5w7bk1bdvavn00satyhx3y6inq596euv0wpoat7n07i70zxdx0byuexc7ci:latest/roc tau_table.table.json", "_latest_artifact_path": "wandb-client-artifact://xnug2jhd3j6k7mzggzfwfd38o9w29ixn8mvm5j4l338uj4fq6h6827s76b1scsi1cthus5w7bk1bdvavn00satyhx3y6inq596euv0wpoat7n07i70zxdx0byuexc7ci:latest/roc tau_table.table.json", "path": "media/table/roc tau_table_2425_955898c0f85a8355926f.table.json", "ncols": 3, "nrows": 4902}, "auc/tau_ud": 0.46271213831503843, "auc/tau_d": 0.0005766125201861483, "auc/tau_s": 0.36602486218357444, "auc/tau_c": 0.0605513114560543, "auc/tau_b": 0.013831696758526024, "auc/tau_g": 0.17621814462903274, "hist_errors_count": {"_type": "histogram", "values": [5, 5, 10, 23, 32, 46, 55, 77, 96, 131, 101, 179, 194, 178, 199, 207, 200, 206, 207, 200, 167, 183, 165, 135, 145, 127, 108, 116, 85, 62, 78, 0, 55, 41, 39, 44, 32, 26, 25, 15, 15, 10, 15, 5, 8, 8, 3, 2, 4, 3, 4, 1, 1, 2, 0, 2, 1, 0, 0, 0, 0, 0, 1, 1], "bins": [1.0, 1.96875, 2.9375, 3.90625, 4.875, 5.84375, 6.8125, 7.78125, 8.75, 9.71875, 10.6875, 11.65625, 12.625, 13.59375, 14.5625, 15.53125, 16.5, 17.46875, 18.4375, 19.40625, 20.375, 21.34375, 22.3125, 23.28125, 24.25, 25.21875, 26.1875, 27.15625, 28.125, 29.09375, 30.0625, 31.03125, 32.0, 32.96875, 33.9375, 34.90625, 35.875, 36.84375, 37.8125, 38.78125, 39.75, 40.71875, 41.6875, 42.65625, 43.625, 44.59375, 45.5625, 46.53125, 47.5, 48.46875, 49.4375, 50.40625, 51.375, 52.34375, 53.3125, 54.28125, 55.25, 56.21875, 57.1875, 58.15625, 59.125, 60.09375, 61.0625, 62.03125, 63.0]}}