{"loss classification": NaN, "_timestamp": 1726060046.7233584, "_runtime": 295.94619250297546, "_step": 48, "_wandb": {"runtime": 326}}