{"loss classification": NaN, "_timestamp": 1726055500.138213, "_runtime": 6520.533205032349, "_step": 418, "_wandb": {"runtime": 6520}}