{"loss classification": NaN, "_timestamp": 1726046478.7674773, "_runtime": 185.20618724822998, "_step": 2, "_wandb": {"runtime": 186}}