{"loss classification": NaN, "_timestamp": 1726466336.3915622, "_runtime": 205.48601913452148, "_step": 29, "_wandb": {"runtime": 339}}