{"loss classification": NaN, "_timestamp": 1726055773.241374, "_runtime": 83.55949902534485, "_step": 9, "_wandb": {"runtime": 108}}