{"loss classification": 1.077892780303955, "_timestamp": 1727276946.1869993, "_runtime": 14337.174481391907, "_step": 3021, "loss_epoch_end": 1.0427357783162496, "acc_epoch_end": 0.5629739900914634, "lr": 0.001, "loss val classification": 1.0216546058654785, "loss_epoch_end_val": 1.0573503784713993, "acc_epoch_end_val": 0.556637444014658, "confussion matrix_table": {"_type": "table-file", "sha256": "cfdcb3e892d2ac3ec8cb3764b5c2f01a50a9134ed98c0941287634be9035cca6", "size": 1542, "artifact_path": "wandb-client-artifact://dhknwh6xipuoh729lulsjx92n718nmi4v4zbinq5lz32pvwc7ljcq4eiga5stzi7ulo3ypcbf9aupzabwjn9ygerw2cvko1pb6tikfi1xl44u6iopdsqm6s52f1z0rhh:latest/confussion matrix_table.table.json", "_latest_artifact_path": "wandb-client-artifact://dhknwh6xipuoh729lulsjx92n718nmi4v4zbinq5lz32pvwc7ljcq4eiga5stzi7ulo3ypcbf9aupzabwjn9ygerw2cvko1pb6tikfi1xl44u6iopdsqm6s52f1z0rhh:latest/confussion matrix_table.table.json", "path": "media/table/confussion matrix_table_1517_cfdcb3e892d2ac3ec8cb.table.json", "ncols": 3, "nrows": 49}, "te/b_vs_g_10%": 0.9068454481298518, "te/b_vs_g_1%": 0.4693013408609739, "te/b_vs_ud_10%": 0.9541284403669725, "te/b_vs_ud_1%": 0.8256880733944955, "te/b_vs_c_10%": 0.7346506704304869, "te/b_vs_c_1%": 0.41496118560338746, "roc b_table": {"_type": "table-file", "sha256": "e68198c5de3f169a5a13185279916adbc75161097d28886d642ca6d9ee5a11ac", "size": 84941, "artifact_path": "wandb-client-artifact://mautg7wpthop4rv2gfwhkezqkrlzg9nit4llovskrklw8d9kmoh0oja968gwkm3bclax7et5ygrdx5lcy5hhxwgkdp8pl9pbmaqo4uwpg2zok9x4h303hyjnaskv184c:latest/roc b_table.table.json", "_latest_artifact_path": "wandb-client-artifact://mautg7wpthop4rv2gfwhkezqkrlzg9nit4llovskrklw8d9kmoh0oja968gwkm3bclax7et5ygrdx5lcy5hhxwgkdp8pl9pbmaqo4uwpg2zok9x4h303hyjnaskv184c:latest/roc b_table.table.json", "path": "media/table/roc b_table_1521_e68198c5de3f169a5a13.table.json", "ncols": 3, "nrows": 1643}, "auc/b_g": 0.04837344709808589, "auc/b_ud": 0.016990564750953396, "auc/b_d": 0.0008174835650196499, "auc/b_c": 0.13000166404696223, "te/c_vs_g_10%": 0.7542613636363636, "te/c_vs_g_1%": 0.4446022727272727, "te/c_vs_ud_10%": 0.7372159090909091, "te/c_vs_ud_1%": 0.4005681818181818, "te/c_vs_b_10%": 0.49644886363636365, "te/c_vs_b_1%": 0.15625, "roc c_table": {"_type": "table-file", "sha256": "bdcae5fe30719534abb9bb720034df4bec9e5c62c1fad470dc3f62365f2a42e4", "size": 120232, "artifact_path": "wandb-client-artifact://srfgisptjcdbbj9835eyk2qb06kt5oqczltzxfq9oc1y35exvuebi0pikyk435i56sdau0h9edvvqulu03a28h0qw0r5b21xl4acvzngxszzyecug2up9ew5qkp5eh65:latest/roc c_table.table.json", "_latest_artifact_path": "wandb-client-artifact://srfgisptjcdbbj9835eyk2qb06kt5oqczltzxfq9oc1y35exvuebi0pikyk435i56sdau0h9edvvqulu03a28h0qw0r5b21xl4acvzngxszzyecug2up9ew5qkp5eh65:latest/roc c_table.table.json", "path": "media/table/roc c_table_1529_bdcae5fe30719534abb9.table.json", "ncols": 3, "nrows": 2339}, "auc/c_g": 0.0957635259162466, "auc/c_ud": 0.10555827444614208, "auc/c_d": 0.0008174835650196499, "auc/c_b": 0.13000166404696212, "te/s_vs_g_10%": 0.6118466898954704, "te/s_vs_g_1%": 0.16097560975609757, "te/s_vs_ud_10%": 0.2571428571428571, "te/s_vs_ud_1%": 0.04250871080139373, "te/s_vs_c_10%": 0.5651567944250872, "te/s_vs_c_1%": 0.11428571428571428, "te/s_vs_b_10%": 0.9658536585365853, "te/s_vs_b_1%": 0.39372822299651566, "roc s_table": {"_type": "table-file", "sha256": "be4703ebe5bbbef6f19e2b9f6bd045e4d31cd4850cd43cc9b9f35a218a3a6738", "size": 185361, "artifact_path": "wandb-client-artifact://ioii0ahy7qrjev4tzzgc51wtbmwjze2pp55kl8tqbzs68ad9rjz7lq26ok1r5v0nrbkwb8se21xj6rjy44bjk4toqkqmpqwj649uxf4xopjrh8ahuidnixau2i5u7juy:latest/roc s_table.table.json", "_latest_artifact_path": "wandb-client-artifact://ioii0ahy7qrjev4tzzgc51wtbmwjze2pp55kl8tqbzs68ad9rjz7lq26ok1r5v0nrbkwb8se21xj6rjy44bjk4toqkqmpqwj649uxf4xopjrh8ahuidnixau2i5u7juy:latest/roc s_table.table.json", "path": "media/table/roc s_table_1538_be4703ebe5bbbef6f19e.table.json", "ncols": 3, "nrows": 3507}, "auc/s_g": 0.14738032038577942, "auc/s_ud": 0.3400616344098615, "auc/s_d": 0.0008174835650196499, "auc/s_c": 0.12523459771935375, "auc/s_b": 0.02341748651885145, "te/g_vs_ud_10%": 0.5195071868583162, "te/g_vs_ud_1%": 0.108145106091718, "te/g_vs_s_10%": 0.5366187542778919, "te/g_vs_s_1%": 0.1375770020533881, "te/g_vs_c_10%": 0.6844626967830253, "te/g_vs_c_1%": 0.1998631074606434, "te/g_vs_b_10%": 0.9096509240246407, "te/g_vs_b_1%": 0.2669404517453799, "roc g_table": {"_type": "table-file", "sha256": "2eb4ef987c3f26cd8cc425ad5a99741a8a04f1b340f233f5a11d300bf2ef5436", "size": 166940, "artifact_path": "wandb-client-artifact://9i50b3j2tsoo3hq6u8ra1zel0ml6ex8j97h7176h05mbcuh573is95r8qrjr7trmlreslpht9q1m8g4qitx6ga5yrwbw8n827uep70hqn5gneufwt0732q9dheu0n4vn:latest/roc g_table.table.json", "_latest_artifact_path": "wandb-client-artifact://9i50b3j2tsoo3hq6u8ra1zel0ml6ex8j97h7176h05mbcuh573is95r8qrjr7trmlreslpht9q1m8g4qitx6ga5yrwbw8n827uep70hqn5gneufwt0732q9dheu0n4vn:latest/roc g_table.table.json", "path": "media/table/roc g_table_1548_2eb4ef987c3f26cd8cc4.table.json", "ncols": 3, "nrows": 3178}, "auc/g_ud": 0.15660295603525465, "auc/g_s": 0.14738032038577942, "auc/g_c": 0.0957635259162466, "auc/g_d": 0.0008174835650196499, "auc/g_b": 0.048373688616327626, "te/tau_vs_ud_10%": 0.14396067415730338, "te/tau_vs_ud_1%": 0.025280898876404494, "te/tau_vs_s_10%": 0.22752808988764045, "te/tau_vs_s_1%": 0.05547752808988764, "te/tau_vs_c_10%": 0.574438202247191, "te/tau_vs_c_1%": 0.13202247191011235, "te/tau_vs_b_10%": 0.9768258426966292, "te/tau_vs_b_1%": 0.5723314606741573, "te/tau_vs_g_10%": 0.5990168539325843, "te/tau_vs_g_1%": 0.13342696629213482, "roc tau_table": {"_type": "table-file", "sha256": "1cb45028371067d419e4dcdefe82feca19d5e5505a354ae404e4a5fb2713e69f", "size": 273738, "artifact_path": "wandb-client-artifact://ur334oxsf4obdqhbczvlxyctblv4vz3sma6r3uutyr9txlhz5246q9aahhoo28mchke28qdgwcjxntbydijen4ncv5jy79gg529lrjrdean1cmw0dc8xjzx0a1ghpwet:latest/roc tau_table.table.json", "_latest_artifact_path": "wandb-client-artifact://ur334oxsf4obdqhbczvlxyctblv4vz3sma6r3uutyr9txlhz5246q9aahhoo28mchke28qdgwcjxntbydijen4ncv5jy79gg529lrjrdean1cmw0dc8xjzx0a1ghpwet:latest/roc tau_table.table.json", "path": "media/table/roc tau_table_1560_1cb45028371067d419e4.table.json", "ncols": 3, "nrows": 4973}, "auc/tau_ud": 0.4761730183646493, "auc/tau_d": 0.0008174835650196499, "auc/tau_s": 0.3650063128841563, "auc/tau_c": 0.11611118647854957, "auc/tau_b": 0.019485501098221447, "auc/tau_g": 0.15642856593529153, "hist_errors_count": {"_type": "histogram", "values": [2, 3, 6, 8, 15, 22, 34, 56, 65, 107, 112, 143, 0, 150, 197, 186, 203, 204, 192, 218, 210, 237, 187, 203, 176, 0, 174, 170, 154, 134, 133, 105, 93, 90, 82, 62, 60, 39, 0, 44, 33, 28, 21, 23, 26, 8, 9, 8, 6, 10, 4, 0, 6, 1, 4, 3, 1, 1, 1, 0, 0, 1, 0, 1], "bins": [1.0, 1.921875, 2.84375, 3.765625, 4.6875, 5.609375, 6.53125, 7.453125, 8.375, 9.296875, 10.21875, 11.140625, 12.0625, 12.984375, 13.90625, 14.828125, 15.75, 16.671875, 17.59375, 18.515625, 19.4375, 20.359375, 21.28125, 22.203125, 23.125, 24.046875, 24.96875, 25.890625, 26.8125, 27.734375, 28.65625, 29.578125, 30.5, 31.421875, 32.34375, 33.265625, 34.1875, 35.109375, 36.03125, 36.953125, 37.875, 38.796875, 39.71875, 40.640625, 41.5625, 42.484375, 43.40625, 44.328125, 45.25, 46.171875, 47.09375, 48.015625, 48.9375, 49.859375, 50.78125, 51.703125, 52.625, 53.546875, 54.46875, 55.390625, 56.3125, 57.234375, 58.15625, 59.078125, 60.0]}, "_wandb": {"runtime": 14378}}