{"loss classification": NaN, "_timestamp": 1726057887.174465, "_runtime": 124.3871488571167, "_step": 15, "_wandb": {"runtime": 126}}