{"loss classification": NaN, "_timestamp": 1726059563.625049, "_runtime": 113.44469499588013, "_step": 11, "_wandb": {"runtime": 114}}