{"loss classification": 0.8589024543762207, "_timestamp": 1727530390.0423396, "_runtime": 253088.77890062332, "_step": 62147, "loss_epoch_end": 0.862606838272839, "acc_epoch_end": 0.6344659076473578, "lr": 0.001, "loss val classification": 0.8800332546234131, "loss_epoch_end_val": 0.9016856036667715, "acc_epoch_end_val": 0.6202491983916938, "confussion matrix_table": {"_type": "table-file", "sha256": "52c308d428636291e1a87302d14fec36a9c77bb92a107793df0b13f43657a51b", "size": 1539, "artifact_path": "wandb-client-artifact://61jy4wlbbgugthoildpuvahx4pdsnlwxfi44ftcmqykr6h4ka9b1gx12w86pnb8tt31z361f5fu9pc0s7wrrlbtvrbgffglkwawdl69vrocecq1e31xcpe2pmdb5x70z:latest/confussion matrix_table.table.json", "_latest_artifact_path": "wandb-client-artifact://61jy4wlbbgugthoildpuvahx4pdsnlwxfi44ftcmqykr6h4ka9b1gx12w86pnb8tt31z361f5fu9pc0s7wrrlbtvrbgffglkwawdl69vrocecq1e31xcpe2pmdb5x70z:latest/confussion matrix_table.table.json", "path": "media/table/confussion matrix_table_61139_52c308d428636291e1a8.table.json", "ncols": 3, "nrows": 49}, "te/b_vs_g_10%": 0.9515905947441217, "te/b_vs_g_1%": 0.8257261410788381, "te/b_vs_ud_10%": 0.9799446749654218, "te/b_vs_ud_1%": 0.9363762102351314, "te/b_vs_c_10%": 0.8983402489626556, "te/b_vs_c_1%": 0.8188105117565698, "roc b_table": {"_type": "table-file", "sha256": "35d250d00ef73d1ac81a504a81cdfcdb768c6d2922eb32fb6ff649531b66f247", "size": 51381, "artifact_path": "wandb-client-artifact://2gnkryjy2kepi0y2ebxkxe6ftrflhhmubzmg7u2r3ckim3wydeh6u7vhij45bvxqc1oyowjjdld209apwllpy9jd91f20jt5ozc3sxmu8vmyxwgiy5hz3gm34dtvqhly:latest/roc b_table.table.json", "_latest_artifact_path": "wandb-client-artifact://2gnkryjy2kepi0y2ebxkxe6ftrflhhmubzmg7u2r3ckim3wydeh6u7vhij45bvxqc1oyowjjdld209apwllpy9jd91f20jt5ozc3sxmu8vmyxwgiy5hz3gm34dtvqhly:latest/roc b_table.table.json", "path": "media/table/roc b_table_61143_35d250d00ef73d1ac81a.table.json", "ncols": 3, "nrows": 1038}, "auc/b_g": 0.024912695781017957, "auc/b_ud": 0.006449754642557148, "auc/b_d": 8.758834632238699e-05, "auc/b_c": 0.03865470272439142, "te/c_vs_g_10%": 0.8479776847977685, "te/c_vs_g_1%": 0.5223152022315202, "te/c_vs_ud_10%": 0.8437935843793585, "te/c_vs_ud_1%": 0.6471408647140865, "te/c_vs_b_10%": 0.8898186889818689, "te/c_vs_b_1%": 0.4100418410041841, "roc c_table": {"_type": "table-file", "sha256": "200bb275126b9e3ad6c85382bab2d9ec3fd66d1eeb387aaa9fda8763d2775d3b", "size": 86366, "artifact_path": "wandb-client-artifact://4uplybfcbjldefc2esf1f5e7kef88bc6g8mxy7g3yawut9aj8nnc9c4e4jvubj8o9yhe8ov9hv62hdenkluvgskvnnm52lexjbqvq55ho8w9pk5oh7pn20wovadv2cao:latest/roc c_table.table.json", "_latest_artifact_path": "wandb-client-artifact://4uplybfcbjldefc2esf1f5e7kef88bc6g8mxy7g3yawut9aj8nnc9c4e4jvubj8o9yhe8ov9hv62hdenkluvgskvnnm52lexjbqvq55ho8w9pk5oh7pn20wovadv2cao:latest/roc c_table.table.json", "path": "media/table/roc c_table_61151_200bb275126b9e3ad6c8.table.json", "ncols": 3, "nrows": 1685}, "auc/c_g": 0.06607304051659135, "auc/c_ud": 0.0635558323513904, "auc/c_d": 8.758834632238699e-05, "auc/c_b": 0.03865470272439131, "te/s_vs_g_10%": 0.6517857142857143, "te/s_vs_g_1%": 0.14148351648351648, "te/s_vs_ud_10%": 0.2925824175824176, "te/s_vs_ud_1%": 0.054945054945054944, "te/s_vs_c_10%": 0.7177197802197802, "te/s_vs_c_1%": 0.19230769230769232, "te/s_vs_b_10%": 0.992445054945055, "te/s_vs_b_1%": 0.7293956043956044, "roc s_table": {"_type": "table-file", "sha256": "94deb3f23bfcf54123e7ec95e8da9e1e4dc383381911451148e08a03a2e23340", "size": 156799, "artifact_path": "wandb-client-artifact://hboj7bsa46w5nzsq81f3kavh9x03nyn71ulg760bhfqnhbdnljlc8qb5kh9mk9yhvy8dxlhq994bg38vlyni9p6et9zqbkga6zli37aujo51epe0gsa6zcgxgyb3fw1c:latest/roc s_table.table.json", "_latest_artifact_path": "wandb-client-artifact://hboj7bsa46w5nzsq81f3kavh9x03nyn71ulg760bhfqnhbdnljlc8qb5kh9mk9yhvy8dxlhq994bg38vlyni9p6et9zqbkga6zli37aujo51epe0gsa6zcgxgyb3fw1c:latest/roc s_table.table.json", "path": "media/table/roc s_table_61160_94deb3f23bfcf54123e7.table.json", "ncols": 3, "nrows": 2998}, "auc/s_g": 0.13342372170665917, "auc/s_ud": 0.3105485098409626, "auc/s_d": 8.758834632238699e-05, "auc/s_c": 0.07261205496038137, "auc/s_b": 0.008577090267961607, "te/g_vs_ud_10%": 0.5881929445644348, "te/g_vs_ud_1%": 0.15982721382289417, "te/g_vs_s_10%": 0.597552195824334, "te/g_vs_s_1%": 0.15766738660907129, "te/g_vs_c_10%": 0.8048956083513319, "te/g_vs_c_1%": 0.1857451403887689, "te/g_vs_b_10%": 0.9697624190064795, "te/g_vs_b_1%": 0.3923686105111591, "roc g_table": {"_type": "table-file", "sha256": "6a658917774eab569cdeb5abfbf97d5361ee5bfe301bea635ad0e0c10a94fa4a", "size": 141087, "artifact_path": "wandb-client-artifact://2yztnjn12upyil7wpav29sx6c2p6hk9985ljo74r5p9vrvklhh2uojkdsqtmsxck7j383i4h71xlxzy1xwoq06bixs7vcmc3mab28jwdo4volmtdjjjxo46g0tq786q7:latest/roc g_table.table.json", "_latest_artifact_path": "wandb-client-artifact://2yztnjn12upyil7wpav29sx6c2p6hk9985ljo74r5p9vrvklhh2uojkdsqtmsxck7j383i4h71xlxzy1xwoq06bixs7vcmc3mab28jwdo4volmtdjjjxo46g0tq786q7:latest/roc g_table.table.json", "path": "media/table/roc g_table_61170_6a658917774eab569cde.table.json", "ncols": 3, "nrows": 2711}, "auc/g_ud": 0.13460960858980342, "auc/g_s": 0.13342372170665895, "auc/g_c": 0.0660727894906481, "auc/g_d": 8.758834632238699e-05, "auc/g_b": 0.024912695781017957, "te/tau_vs_ud_10%": 0.13859275053304904, "te/tau_vs_ud_1%": 0.02914001421464108, "te/tau_vs_s_10%": 0.2459132906894101, "te/tau_vs_s_1%": 0.05970149253731343, "te/tau_vs_c_10%": 0.7661691542288557, "te/tau_vs_c_1%": 0.23738450604122247, "te/tau_vs_b_10%": 0.9936034115138592, "te/tau_vs_b_1%": 0.7903340440653873, "te/tau_vs_g_10%": 0.6382373845060412, "te/tau_vs_g_1%": 0.13930348258706468, "roc tau_table": {"_type": "table-file", "sha256": "0e4f7cea15b801da8b5563c3c948a9b03ef2133f103d597d5088c1d5739d5c67", "size": 245116, "artifact_path": "wandb-client-artifact://srwlwl8lppegq58yiigx8j21fb9xgun3ts8a88l2sjzky2pr1t0u8byphg62jcd4a1d2o9bf55jbfpqp5848mtdqtwnm0v1h70ggvynid8prdr9etwnx81uv0bz65ch4:latest/roc tau_table.table.json", "_latest_artifact_path": "wandb-client-artifact://srwlwl8lppegq58yiigx8j21fb9xgun3ts8a88l2sjzky2pr1t0u8byphg62jcd4a1d2o9bf55jbfpqp5848mtdqtwnm0v1h70ggvynid8prdr9etwnx81uv0bz65ch4:latest/roc tau_table.table.json", "path": "media/table/roc tau_table_61182_0e4f7cea15b801da8b55.table.json", "ncols": 3, "nrows": 4469}, "auc/tau_ud": 0.44656745224660366, "auc/tau_d": 8.758834632238699e-05, "auc/tau_s": 0.33564931426072153, "auc/tau_c": 0.06103374341680712, "auc/tau_b": 0.006872375919257712, "auc/tau_g": 0.14221395337413523, "hist_errors_count": {"_type": "histogram", "values": [2, 1, 2, 9, 12, 14, 29, 36, 71, 85, 91, 117, 130, 144, 169, 0, 171, 173, 184, 198, 181, 167, 164, 193, 145, 150, 141, 130, 103, 113, 100, 0, 87, 76, 72, 52, 44, 33, 36, 27, 16, 21, 19, 17, 13, 12, 9, 0, 12, 8, 4, 7, 2, 0, 1, 0, 2, 0, 0, 0, 0, 1, 0, 1], "bins": [1.0, 1.9375, 2.875, 3.8125, 4.75, 5.6875, 6.625, 7.5625, 8.5, 9.4375, 10.375, 11.3125, 12.25, 13.1875, 14.125, 15.0625, 16.0, 16.9375, 17.875, 18.8125, 19.75, 20.6875, 21.625, 22.5625, 23.5, 24.4375, 25.375, 26.3125, 27.25, 28.1875, 29.125, 30.0625, 31.0, 31.9375, 32.875, 33.8125, 34.75, 35.6875, 36.625, 37.5625, 38.5, 39.4375, 40.375, 41.3125, 42.25, 43.1875, 44.125, 45.0625, 46.0, 46.9375, 47.875, 48.8125, 49.75, 50.6875, 51.625, 52.5625, 53.5, 54.4375, 55.375, 56.3125, 57.25, 58.1875, 59.125, 60.0625, 61.0]}}