{"loss classification": 0.9208102822303772, "_timestamp": 1727339444.6303744, "_runtime": 62143.36693549156, "_step": 15512, "loss_epoch_end": 0.9407131088943016, "acc_epoch_end": 0.6023270769817073, "lr": 0.001, "loss val classification": 0.9322692155838013, "loss_epoch_end_val": 0.9618733855334478, "acc_epoch_end_val": 0.5947265625, "confussion matrix_table": {"_type": "table-file", "sha256": "53e6671fb730be828b432ee6c2848e56a87223083ece26c34a81b4af519e9344", "size": 1538, "artifact_path": "wandb-client-artifact://jwbs0h6fo3nyjz9g6b5uxlqsxo2x60y09dchrofx4e1wfu42l4j6omsy0fn81ji7sxjozybfd51xxv7bdqf4iyneekliztjizevyqr2p2e13754ppaf42bq2bjt19f9x:latest/confussion matrix_table.table.json", "_latest_artifact_path": "wandb-client-artifact://jwbs0h6fo3nyjz9g6b5uxlqsxo2x60y09dchrofx4e1wfu42l4j6omsy0fn81ji7sxjozybfd51xxv7bdqf4iyneekliztjizevyqr2p2e13754ppaf42bq2bjt19f9x:latest/confussion matrix_table.table.json", "path": "media/table/confussion matrix_table_14069_53e6671fb730be828b43.table.json", "ncols": 3, "nrows": 49}, "te/b_vs_g_10%": 0.9433310297166552, "te/b_vs_g_1%": 0.6821008984105045, "te/b_vs_ud_10%": 0.9785763648928818, "te/b_vs_ud_1%": 0.9101589495507948, "te/b_vs_c_10%": 0.856945404284727, "te/b_vs_c_1%": 0.6973047684865239, "roc b_table": {"_type": "table-file", "sha256": "b507d596c4fe10d4e322ed2bd21fb51d02d23a00763d6aa7c326bac4ee08e405", "size": 63717, "artifact_path": "wandb-client-artifact://480i11afxv99mmv7ddfptvau2bca2fg6yx489qx9rlqlbqwtzcvgaqyfphb7wxh6tcinwn1ucxtbxbrxftzw0ny22bi7nq7y0zx0faflbsl77y8lp5apeofoecaqlrgf:latest/roc b_table.table.json", "_latest_artifact_path": "wandb-client-artifact://480i11afxv99mmv7ddfptvau2bca2fg6yx489qx9rlqlbqwtzcvgaqyfphb7wxh6tcinwn1ucxtbxbrxftzw0ny22bi7nq7y0zx0faflbsl77y8lp5apeofoecaqlrgf:latest/roc b_table.table.json", "path": "media/table/roc b_table_14073_b507d596c4fe10d4e322.table.json", "ncols": 3, "nrows": 1279}, "auc/b_g": 0.033958949646579195, "auc/b_ud": 0.008481992461880417, "auc/b_d": 6.001018237300482e-05, "auc/b_c": 0.060691426882962474, "te/c_vs_g_10%": 0.8212014134275618, "te/c_vs_g_1%": 0.42614840989399294, "te/c_vs_ud_10%": 0.8219081272084806, "te/c_vs_ud_1%": 0.5936395759717314, "te/c_vs_b_10%": 0.7236749116607774, "te/c_vs_b_1%": 0.2840989399293286, "roc c_table": {"_type": "table-file", "sha256": "6d1db93b3f659315e5d0230be03a42658245bfe17f2c6e226c2862c1abb80a70", "size": 101160, "artifact_path": "wandb-client-artifact://v5vbah3c1oqlc495t9pgf99fasbcqsuo3vebw10c27vbd41u7kjhpqmfe5ubzx572ly61wk6l01xsyr92j7sxig5iljxk0uz1e5ypa9l8fy7jtdgb1xnddsnhmu0h6sp:latest/roc c_table.table.json", "_latest_artifact_path": "wandb-client-artifact://v5vbah3c1oqlc495t9pgf99fasbcqsuo3vebw10c27vbd41u7kjhpqmfe5ubzx572ly61wk6l01xsyr92j7sxig5iljxk0uz1e5ypa9l8fy7jtdgb1xnddsnhmu0h6sp:latest/roc c_table.table.json", "path": "media/table/roc c_table_14081_6d1db93b3f659315e5d0.table.json", "ncols": 3, "nrows": 1977}, "auc/c_g": 0.08198908340251099, "auc/c_ud": 0.07141603284170273, "auc/c_d": 6.001018237300482e-05, "auc/c_b": 0.0606916710826102, "te/s_vs_g_10%": 0.6388888888888888, "te/s_vs_g_1%": 0.15921409214092141, "te/s_vs_ud_10%": 0.26422764227642276, "te/s_vs_ud_1%": 0.046747967479674794, "te/s_vs_c_10%": 0.6788617886178862, "te/s_vs_c_1%": 0.10840108401084012, "te/s_vs_b_10%": 0.9898373983739838, "te/s_vs_b_1%": 0.6456639566395664, "roc s_table": {"_type": "table-file", "sha256": "6a237668808b973073bfaf5588def4113d7783dcc3bf30c5d84a687774467874", "size": 169342, "artifact_path": "wandb-client-artifact://k1kt453f4h6dl7qpy8bk7h4t48zcw8sbaurmxk9fo4qt1j0u1wai8mvhwbm4zbnlzyseh7fg8oc13itkgsjx7hk2itr3712gb7dbdce39vjt2o6e0qjfvtkarg6e144c:latest/roc s_table.table.json", "_latest_artifact_path": "wandb-client-artifact://k1kt453f4h6dl7qpy8bk7h4t48zcw8sbaurmxk9fo4qt1j0u1wai8mvhwbm4zbnlzyseh7fg8oc13itkgsjx7hk2itr3712gb7dbdce39vjt2o6e0qjfvtkarg6e144c:latest/roc s_table.table.json", "path": "media/table/roc s_table_14090_6a237668808b973073bf.table.json", "ncols": 3, "nrows": 3238}, "auc/s_g": 0.13616759348466656, "auc/s_ud": 0.3456341793196027, "auc/s_d": 6.001018237300482e-05, "auc/s_c": 0.08791739684181299, "auc/s_b": 0.012674573877735962, "te/g_vs_ud_10%": 0.5793485793485793, "te/g_vs_ud_1%": 0.18295218295218296, "te/g_vs_s_10%": 0.5945945945945946, "te/g_vs_s_1%": 0.19473319473319473, "te/g_vs_c_10%": 0.7387387387387387, "te/g_vs_c_1%": 0.19750519750519752, "te/g_vs_b_10%": 0.9459459459459459, "te/g_vs_b_1%": 0.3146223146223146, "roc g_table": {"_type": "table-file", "sha256": "6de60a16994d880c8061bc840945fc5b76898c14a332b1d120190b7ec350f214", "size": 150617, "artifact_path": "wandb-client-artifact://it64vxpx1412dvrc97wksfxec66zjluiu9b7wuucnagupmxr1e8xavijgjhw9ej9rhnxd9u8ddhi6d58kksfbf5o4sf2ew1ns2jq5ghc9txlh2dkf802tqzjddg2vj7f:latest/roc g_table.table.json", "_latest_artifact_path": "wandb-client-artifact://it64vxpx1412dvrc97wksfxec66zjluiu9b7wuucnagupmxr1e8xavijgjhw9ej9rhnxd9u8ddhi6d58kksfbf5o4sf2ew1ns2jq5ghc9txlh2dkf802tqzjddg2vj7f:latest/roc g_table.table.json", "path": "media/table/roc g_table_14100_6de60a16994d880c8061.table.json", "ncols": 3, "nrows": 2903}, "auc/g_ud": 0.13277982569321145, "auc/g_s": 0.13616759348466667, "auc/g_c": 0.0819890834025111, "auc/g_d": 6.001018237300482e-05, "auc/g_b": 0.033958949646579195, "te/tau_vs_ud_10%": 0.16284074605451937, "te/tau_vs_ud_1%": 0.03371592539454806, "te/tau_vs_s_10%": 0.21951219512195122, "te/tau_vs_s_1%": 0.028694404591104734, "te/tau_vs_c_10%": 0.7352941176470589, "te/tau_vs_c_1%": 0.17862266857962697, "te/tau_vs_b_10%": 0.9935437589670014, "te/tau_vs_b_1%": 0.7051649928263989, "te/tau_vs_g_10%": 0.6312769010043041, "te/tau_vs_g_1%": 0.16355810616929697, "roc tau_table": {"_type": "table-file", "sha256": "1d6f894de851dc26c30ee8262dc32b8c2002b025e9cab8e217b6c294b7104a9b", "size": 249206, "artifact_path": "wandb-client-artifact://q30clsys5xpmna7955b5ykhdzwr6fn1reonjbmc00apchniur0yfumt67oc75t8se5tbbl3ntese9af96c10yy7sabp8o8xlvbfmopytmezkgkbg7v5n2gsgkw7q691k:latest/roc tau_table.table.json", "_latest_artifact_path": "wandb-client-artifact://q30clsys5xpmna7955b5ykhdzwr6fn1reonjbmc00apchniur0yfumt67oc75t8se5tbbl3ntese9af96c10yy7sabp8o8xlvbfmopytmezkgkbg7v5n2gsgkw7q691k:latest/roc tau_table.table.json", "path": "media/table/roc tau_table_14112_1d6f894de851dc26c30e.table.json", "ncols": 3, "nrows": 4556}, "auc/tau_ud": 0.45113247387053, "auc/tau_d": 6.001018237300482e-05, "auc/tau_s": 0.3578322018872986, "auc/tau_c": 0.07230888563302595, "auc/tau_b": 0.008355981157274983, "auc/tau_g": 0.13823574153559814, "hist_errors_count": {"_type": "histogram", "values": [1, 1, 6, 9, 14, 21, 43, 43, 67, 84, 89, 125, 128, 172, 168, 176, 177, 212, 198, 236, 185, 180, 181, 170, 172, 132, 131, 121, 117, 88, 105, 0, 78, 64, 46, 54, 31, 33, 20, 23, 17, 15, 17, 16, 11, 6, 3, 4, 6, 3, 3, 2, 3, 0, 0, 0, 0, 1, 0, 0, 0, 1, 0, 1], "bins": [1.0, 1.96875, 2.9375, 3.90625, 4.875, 5.84375, 6.8125, 7.78125, 8.75, 9.71875, 10.6875, 11.65625, 12.625, 13.59375, 14.5625, 15.53125, 16.5, 17.46875, 18.4375, 19.40625, 20.375, 21.34375, 22.3125, 23.28125, 24.25, 25.21875, 26.1875, 27.15625, 28.125, 29.09375, 30.0625, 31.03125, 32.0, 32.96875, 33.9375, 34.90625, 35.875, 36.84375, 37.8125, 38.78125, 39.75, 40.71875, 41.6875, 42.65625, 43.625, 44.59375, 45.5625, 46.53125, 47.5, 48.46875, 49.4375, 50.40625, 51.375, 52.34375, 53.3125, 54.28125, 55.25, 56.21875, 57.1875, 58.15625, 59.125, 60.09375, 61.0625, 62.03125, 63.0]}}